indice_coluna,token
0,a
1,aa
2,aaaand
3,aaadvantage
4,aaalwayslate
5,aaba
6,aacom
7,aacustomerservice
8,aadavantage
9,aadelay
10,aadfw
11,aadv
12,aadvantage
13,aafail
14,aal
15,aampc
16,aano
17,aaron
18,aarp
19,aas
20,aateam
21,aaus
22,ab
23,aback
24,abandon
25,abandoned
26,abandonment
27,abassinet
28,abbreve
29,abc
30,abcletjetbluestreamfeed
31,abcnetwork
32,abcnetworks
33,abcnews
34,abcs
35,abducted
36,abi
37,abidfw
38,abigailedge
39,abilities
40,ability
41,able
42,aboard
43,aboout
44,abounds
45,about
46,above
47,abq
48,abroad
49,absolute
50,absolutely
51,absorb
52,absorber
53,absoulutely
54,absurd
55,absurdity
56,absurdly
57,abt
58,abundance
59,abuse
60,abused
61,abysmal
62,ac
63,acc
64,accelerate
65,accept
66,acceptable
67,accepted
68,accepting
69,acces
70,access
71,accessibility
72,accessible
73,accessing
74,accident
75,accidentally
76,accidents
77,accomidating
78,accommodate
79,accommodated
80,accommodates
81,accommodating
82,accommodation
83,accommodations
84,accompaniments
85,accompany
86,accomplish
87,accomplished
88,according
89,accordingly
90,account
91,accountability
92,accountable
93,accounts
94,accrue
95,accruing
96,acct
97,acctits
98,accts
99,accumulation
100,accurate
101,accurately
102,accuratetraveltimes
103,accused
104,achieve
105,achieves
106,achieving
107,ack
108,acknowledge
109,acknowledgement
110,acknowledgment
111,acnewsguy
112,acosta
113,acoustic
114,acpt
115,acquire
116,acquired
117,acquisition
118,across
119,act
120,acted
121,acting
122,actingoutmgmnt
123,action
124,actions
125,activate
126,activated
127,active
128,activealy
129,actively
130,activities
131,activitiesprevention
132,activity
133,acts
134,actual
135,actually
136,actualy
137,acu
138,acy
139,ad
140,ada
141,adam
142,adamkarren
143,adams
144,adapted
145,add
146,addair
147,added
148,adding
149,addition
150,additional
151,additionally
152,additonal
153,addl
154,addr
155,address
156,addressed
157,addresses
158,addressing
159,addressusername
160,adds
161,addtl
162,adjacent
163,adjusting
164,adjustment
165,adjustments
166,admin
167,admiral
168,admirals
169,admiralsclub
170,admit
171,admitted
172,adolfo
173,adopted
174,adopting
175,adore
176,adress
177,ads
178,adult
179,adv
180,advan
181,advance
182,advantage
183,adventure
184,advertise
185,advertised
186,advertising
187,advice
188,advis
189,advise
190,advised
191,advising
192,advisories
193,advisory
194,advisorynow
195,advisoryreally
196,advsry
197,aegeanairlines
198,aerocivilcol
199,aerojobmarket
200,aeroport
201,aex
202,af
203,affairs
204,affect
205,affected
206,affecting
207,affects
208,affiliate
209,affiliated
210,affiliates
211,afford
212,affordable
213,afiliates
214,aflame
215,aforementioned
216,afraid
217,african
218,aft
219,after
220,afterall
221,afternoon
222,afterward
223,aftr
224,again
225,againestimated
226,againflying
227,againget
228,againlate
229,againlost
230,against
231,againto
232,again😞
233,agcommunity
234,age
235,aged
236,agencies
237,agency
238,agent
239,agentbooked
240,agenti
241,agents
242,agentsno
243,agentthen
244,agentwhats
245,ages
246,aggiemensgolf
247,aggravated
248,aggravating
249,aggravation
250,aggressive
251,agianand
252,aging
253,agnt
254,ago
255,agojetblue
256,agostill
257,agotoday
258,agovacationfail
259,agoyet
260,agree
261,agreed
262,agreement
263,agt
264,agtb
265,agts
266,ah
267,aha
268,ahah😃💕🎵
269,ahead
270,ahem
271,ahhhh
272,ahhhhh
273,ahold
274,ahoy
275,aiecraft
276,ailing
277,aim
278,aimed
279,aint
280,air
281,airat
282,airborne
283,airbus
284,airbusintheus
285,aircanada
286,aircargo
287,aircraft
288,aircraftrunways
289,aircrafts
290,aircrft
291,aired
292,aires
293,airfare
294,airfares
295,airfarewatchdog
296,airline
297,airlineadviser
298,airlinegave
299,airlinegeeks
300,airlineguys
301,airlinehate
302,airlinehave
303,airlineive
304,airlinequality
305,airliner
306,airlines
307,airlinesecurity
308,airlinesyour
309,airmiles
310,airnzusa
311,airplane
312,airplanemodewason
313,airplanes
314,airport
315,airportcalledplease
316,airportcardio
317,airportfra
318,airporthave
319,airportheld
320,airports
321,airportwide
322,airpt
323,airs
324,airserv
325,airside
326,airsouthwest
327,airspace
328,airstairs
329,airtahitinui
330,airtran
331,airway
332,airways
333,airwe
334,ais
335,aisle
336,aisles
337,aka
338,akron
339,al
340,alabama
341,alamo
342,alan
343,alanbledsoe
344,alarm
345,alas
346,alaska
347,alaskaair
348,alavera
349,alb
350,albany
351,albanyairport
352,albeit
353,albertbreer
354,albums
355,albuquer
356,albuquerque
357,alcohol
358,alert
359,alerted
360,alerts
361,alex
362,alfamilyoffour
363,ali
364,alicia
365,alifestory
366,aligned
367,alison
368,alist
369,alistey
370,alistpreferred
371,alittle
372,alittlebetter
373,alive
374,all
375,allan
376,allegiantair
377,allegianttravel
378,allende
379,allergic
380,allergies
381,allergy
382,alleviate
383,allgood
384,alliance
385,allll
386,allow
387,allowabl
388,allowable
389,allowance
390,allowances
391,allowed
392,allowing
393,allows
394,allready
395,allrepresentativesbusy
396,allright
397,alls
398,allyoucanjetpass
399,almost
400,alone
401,along
402,alot
403,already
404,alreadycrowded
405,alreadygot
406,alreadyrebookedonce
407,alright
408,als
409,also
410,alsonodrinkcartcomingaround
411,alsoyayforsnacks
412,alstdi
413,alt
414,alternate
415,alternative
416,alternatively
417,alternatives
418,although
419,altitude
420,altonbrownlive
421,alway
422,always
423,alwaysdelayed
424,alwaysdelayedonunited
425,alwayshappensthere
426,alwayslate
427,alynewton
428,am
429,amagrino
430,amarillo
431,amateur
432,amateurish
433,amateurs
434,amazed
435,amazefor
436,amazing
437,amazingflightcrew
438,amazingly
439,amazings
440,amazing💖
441,amazon
442,ambassador
443,ambivalence
444,amen
445,amend
446,amenities
447,amenity
448,america
449,american
450,americanair
451,americanairbr
452,americanaireveryone
453,americanairif
454,americanairlines
455,americanairlinesfail
456,americanairlnes
457,americanairother
458,americanairs
459,americanairstill
460,americanairsucks
461,americandairlinessucks
462,americanforlife
463,americanisbetter
464,americanone
465,americans
466,americant
467,americanview
468,americas
469,amex
470,amexserve
471,ami
472,amid
473,amiga
474,aminaur
475,amirite
476,amm
477,amnt
478,among
479,amongst
480,amount
481,amounts
482,amp
483,ampamp
484,ampfeel
485,amponly
486,amppraying
487,ampsock
488,ampwait
489,ampwebsite
490,ams
491,amshould
492,amso
493,amsterdam
494,amt
495,amtrak
496,amy
497,amybruni
498,amypoehler
499,am✈️
500,an
501,ana
502,analyst
503,analystdoc
504,analysts
505,analytics
506,anamarketers
507,anaphylaxiswill
508,anarchy
509,anchorage
510,and
511,andchexmix
512,anderson
513,andor
514,andrew
515,andrewbiga
516,andrewfallis
517,andrews
518,andrewwasila
519,android
520,andthewinneris
521,andyellwood
522,angel
523,angeles
524,angelo
525,angering
526,angle
527,angriest
528,angry
529,angryairtravel
530,angryandsober
531,angrybird
532,angrycustomer
533,angrytraveler
534,angstiest
535,anhour
536,animal
537,animals
538,anku
539,ann
540,anna
541,annamarie
542,annebevi
543,annettenaif
544,anni
545,anniversary
546,annnndddd
547,annnnddddd
548,annnnnd
549,announce
550,announced
551,announcement
552,announcementno
553,announcements
554,announcer
555,announces
556,announcing
557,annoyed
558,annoying
559,annricord
560,annual
561,another
562,anotherdisappointment
563,anotherfail
564,ans
565,ansleyhutson
566,answer
567,answered
568,answering
569,answeringdont
570,answerphone
571,answers
572,answersno
573,answerthephone
574,answerthis
575,ant
576,anthony
577,anticipate
578,anticipating
579,anticipation
580,anticonsumer
581,antigua
582,antitrust
583,antkneee
584,antonio
585,anxiety
586,anxious
587,any
588,anybody
589,anyhelp
590,anymore
591,anyone
592,anyones
593,anyonethere
594,anythin
595,anything
596,anythingjust
597,anytime
598,anyway
599,anyways
600,anywhere
601,aok
602,ap
603,apart
604,apathetic
605,apathy
606,apeared
607,api
608,apnea
609,apollochplayers
610,apologies
611,apologise
612,apologize
613,apologized
614,apologizes
615,apologizing
616,apology
617,apostrophe
618,apostrophefail
619,app
620,appalled
621,appalling
622,apparent
623,apparently
624,appealing
625,appear
626,appeared
627,appears
628,appease
629,applaud
630,applauded
631,applause
632,apple
633,applepay
634,apples
635,appleton
636,applicable
637,application
638,applications
639,applied
640,applies
641,apply
642,applying
643,appointed
644,appointment
645,appointments
646,appreciate
647,appreciated
648,appreciates
649,appreciation
650,approach
651,approaching
652,appropriate
653,appropriately
654,appropriation
655,approproately
656,approval
657,approvals
658,approve
659,approved
660,approx
661,approximate
662,approximately
663,apps
664,appt
665,april
666,aprilmay
667,apron
668,apt
669,apx
670,aquadilla
671,ar
672,arab
673,arbitrarily
674,arbitrary
675,arc
676,archaic
677,ardent
678,are
679,area
680,areas
681,arehis
682,arena
683,arent
684,ares
685,areyounew
686,argentina
687,argentinaclaiming
688,argg
689,argh
690,argue
691,argued
692,argueing
693,arguing
694,argument
695,arizona
696,arkansas
697,arminrosen
698,armrest
699,arms
700,army
701,arose
702,around
703,arpt
704,arrange
705,arranged
706,arrangement
707,arrangements
708,arrival
709,arrivals
710,arrive
711,arrived
712,arrives
713,arriving
714,arrogant
715,art
716,article
717,artisanal
718,artluggage
719,aruba
720,arubaairport
721,aruna
722,arvls
723,as
724,asap
725,asarcoesar
726,ase
727,asgmnt
728,asha
729,ashamed
730,ashes
731,ashevilleair
732,ashley
733,ashleykatherton
734,asia
735,aside
736,ask
737,askamex
738,asked
739,asking
740,askpaypal
741,asks
742,asleep
743,aspen
744,aspenbaggagefail
745,ass
746,assaulted
747,assed
748,asses
749,asset
750,assets
751,asshole
752,assholes
753,assign
754,assigned
755,assignment
756,assignments
757,assist
758,assistance
759,assistanceyou
760,assistants
761,assisted
762,assisting
763,associated
764,assuage
765,assult
766,assume
767,assumed
768,assuming
769,assurance
770,assurances
771,assure
772,assured
773,assuring
774,astoria
775,astounded
776,astounding
777,astounds
778,asus
779,at
780,atc
781,atct
782,atgate
783,ath
784,athlete
785,athletes
786,atl
787,atlanta
788,atlantic
789,atlaus
790,atleast
791,atlhou
792,atlno
793,atlord
794,atrocious
795,att
796,attach
797,attached
798,attackingbabymomma
799,attained
800,attdt
801,attempt
802,attempted
803,attempting
804,attempts
805,attend
806,attendant
807,attendantcan
808,attendanteliz
809,attendants
810,attendanttrue
811,attended
812,attendees
813,attendent
814,attendents
815,attending
816,attention
817,attentive
818,attentiveness
819,attire
820,attitude
821,attitudeissues
822,attitudes
823,attitudycustomer
824,attndt
825,atwonline
826,atx
827,at😳
828,au
829,auciello
830,auckland
831,auction
832,audience
833,audio
834,audition
835,auf
836,aug
837,august
838,auh
839,aunties
840,aunts
841,aurorabiz
842,aus
843,auscun
844,aussie
845,austic
846,austin
847,austinairport
848,austinbergstrom
849,austindallas
850,australia
851,austrian
852,authoritative
853,authority
854,authorize
855,authors
856,auto
857,autoapplied
858,automated
859,automatic
860,automatically
861,automobiles
862,autorebooked
863,autoreflight
864,autoresponse
865,av
866,avail
867,availab
868,availability
869,available
870,availableyour
871,avalible
872,avalonhollywood
873,avatars
874,avduffy
875,avenue
876,average
877,averaging
878,averted
879,avgeek
880,aviation
881,avios
882,avis
883,aviv
884,avoid
885,avoidable
886,avoided
887,avoiding
888,avon
889,avp
890,aw
891,await
892,awaiting
893,awake
894,award
895,awards
896,aware
897,away
898,awayhere
899,awaynow
900,awaywhy
901,awe
902,aweful
903,awesome
904,awesomebright
905,awesomeee
906,awesomeness
907,awful
908,awfulcustomerservice
909,awfully
910,awfulness
911,awheelchair
912,awhile
913,awkward
914,awol
915,awrd
916,aww
917,awww
918,awwweesssooomee
919,ay
920,aye
921,az
922,b
923,ba
924,babies
925,baby
926,babyfood
927,babys
928,bach
929,bachelorpartymishap
930,back
931,backanother
932,backattempt
933,backed
934,backend
935,backended
936,backfas
937,backhome
938,backing
939,backlog
940,backpack
941,backpacks
942,backroads
943,backs
944,backtodelta
945,backtowinter
946,backup
947,backwards
948,backyard
949,back🙏🙏🙏✌️😉
950,bad
951,badairline
952,badbadbad
953,badbusiness
954,badbussiness
955,badcustomerexperience
956,badcustomerservice
957,badcustomersrvice
958,bademployeeproblem
959,badge
960,badges
961,badly
962,badmaybe
963,badmgmt
964,badpolicy
965,badservice
966,badwebsite
967,bad👎👎
968,bae
969,baejet
970,bafore
971,baftz
972,bag
973,bagage
974,bagawim
975,bagcould
976,bagdisgutedindenver
977,baggage
978,baggagedrama
979,baggagefail
980,baggagefind
981,baggageissues
982,baggagelost
983,baggageridiculous
984,baggages
985,bagits
986,bags
987,bagsflyfree
988,bagsflyfreebutnotwithme
989,bagsno
990,bagswhich
991,bagtag
992,bagyet
993,bahamas
994,bailed
995,bailey
996,bait
997,baitampswitch
998,baitandswitch
999,baked
1000,baking
1001,balance
1002,balancing
1003,baldordash
1004,baldwin
1005,ball
1006,ballbag
1007,ballin
1008,balloons
1009,balls
1010,ballsturn
1011,balt
1012,baltimore
1013,banana
1014,band
1015,bandie
1016,bands
1017,bandwidth
1018,bangkok
1019,bank
1020,bankrupt
1021,bankruptcies
1022,bankruptcy
1023,banned
1024,banning
1025,bar
1026,barbados
1027,barbara
1028,barclay
1029,barclaycardus
1030,barclays
1031,barcodes
1032,barely
1033,barelyexpired
1034,barking
1035,barklays
1036,barnum
1037,barrel
1038,barrettkarabis
1039,barrier
1040,barriers
1041,bars
1042,barzegar
1043,base
1044,based
1045,bashing
1046,basic
1047,basically
1048,basics
1049,basket
1050,basketball
1051,bass
1052,bastards
1053,bathroom
1054,bathrooms
1055,batman
1056,batteries
1057,battery
1058,battierccipuppy
1059,batting
1060,battle
1061,battles
1062,battling
1063,bausa
1064,bay
1065,bayespecially
1066,bbbmedia
1067,bbbnesdksia
1068,bc
1069,bcn
1070,bcs
1071,bcuz
1072,bcz
1073,bd
1074,bday
1075,bday😏☺️
1076,bdindallas
1077,bdl
1078,bdldca
1079,bdng
1080,bdsm
1081,be
1082,beach
1083,beaches
1084,beamske
1085,beanie
1086,beans
1087,beantownmatty
1088,bear
1089,bearable
1090,beareavement
1091,beat
1092,beating
1093,beatriz
1094,beats
1095,beatsmusic
1096,beatstheothers
1097,beautiful
1098,beautifull
1099,beautifully
1100,beauty
1101,bebetter
1102,bec
1103,became
1104,because
1105,becky
1106,become
1107,becomes
1108,becoming
1109,becuase
1110,becuz
1111,bed
1112,bedofroses
1113,beefjerky
1114,been
1115,beer
1116,beers
1117,befor
1118,before
1119,beforeafter
1120,beg
1121,began
1122,begging
1123,begin
1124,beginning
1125,begins
1126,begrudgingly
1127,begun
1128,behalf
1129,behave
1130,behaves
1131,behavior
1132,behind
1133,beijing
1134,bein
1135,being
1136,beingsuckontarmacsucks
1137,beis
1138,belabor
1139,belfast
1140,belfastairport
1141,belief
1142,believable
1143,believe
1144,believing
1145,belize
1146,bellagio
1147,belligerent
1148,belong
1149,belongings
1150,beloved
1151,below
1152,belt
1153,belti
1154,belttoolong
1155,ben
1156,benadryl
1157,bench
1158,beneficial
1159,benefit
1160,benefits
1161,benes
1162,benjaminokeefe
1163,bensonhenderson
1164,beought
1165,bereavement
1166,bergstrom
1167,berlin
1168,bernhardtjh
1169,bershawnjackson
1170,besides
1171,best
1172,bestairline
1173,bestairlineever
1174,bestcrew
1175,bestdressed
1176,bestemployees
1177,bestflightever
1178,bestfriend
1179,bestinclass
1180,bestinclasssocial
1181,bestplanesever
1182,besty
1183,bet
1184,beta
1185,betch
1186,bethonors
1187,bets
1188,betsy
1189,better
1190,betterfrom
1191,betterother
1192,betting
1193,bettween
1194,betty
1195,between
1196,beverage
1197,beverages
1198,bevies
1199,beware
1200,bewhat
1201,beyond
1202,bf
1203,bff
1204,bffs
1205,bfs
1206,bg
1207,bgm
1208,bgr
1209,bham
1210,bhm
1211,bhxofficial
1212,bible
1213,biceps
1214,bicycle
1215,bicycles
1216,bid
1217,big
1218,bigger
1219,biggest
1220,biggie
1221,bike
1222,bikes
1223,bil
1224,bila
1225,bill
1226,billed
1227,billing
1228,billions
1229,billmelate
1230,bills
1231,bin
1232,bingo
1233,bins
1234,bio
1235,bird
1236,birder
1237,birds
1238,birmingham
1239,birth
1240,birthdate
1241,birthday
1242,birthdays
1243,births
1244,biscuits
1245,bish
1246,bit
1247,bitch
1248,bitchslapped
1249,bitchy
1250,bitcoin
1251,bite
1252,bites
1253,bitty
1254,biz
1255,bizarre
1256,bizness
1257,biztravel
1258,bk
1259,bked
1260,bkk
1261,black
1262,blacked
1263,blackhistorymonth
1264,blacklist
1265,blacklivesmatter
1266,blackmailed
1267,blade
1268,blah
1269,blame
1270,blamed
1271,blames
1272,blameshiftoverload
1273,blaming
1274,blanc
1275,blank
1276,blanket
1277,blankets
1278,blast
1279,blasting
1280,blatant
1281,blatantly
1282,blatimore
1283,blazer
1284,bleed
1285,blegh
1286,bleh
1287,bless
1288,blessed
1289,blew
1290,blind
1291,blindsided
1292,bliss
1293,blizzard
1294,blizzue
1295,bloated
1296,block
1297,blocked
1298,blocking
1299,blog
1300,blood
1301,bloody
1302,bloodymary
1303,bloombergnews
1304,bloombergradio
1305,blow
1306,blowing
1307,blown
1308,blows
1309,blue
1310,blueblackish
1311,bluecarpet
1312,blueheros
1313,bluemanity
1314,bluetiful
1315,blumanity
1316,blushing
1317,bmi
1318,bna
1319,bnagt
1320,bnardu
1321,bnasnow
1322,bng
1323,board
1324,boarddeplane
1325,boarded
1326,boarding
1327,boardingpass
1328,boards
1329,boat
1330,boatstyle
1331,bobbi
1332,bobwesson
1333,body
1334,boeing
1335,boeingairplanes
1336,boggling
1337,bogota
1338,bogotáhouston
1339,bohnjai
1340,bohol
1341,boiled
1342,boise
1343,bold
1344,boldflavors
1345,bom
1346,bone
1347,bonnie
1348,bonsinthesky
1349,bonus
1350,bonuses
1351,boo
1352,boofin
1353,book
1354,bookable
1355,booked
1356,bookin
1357,booking
1358,booklet
1359,bookofnegroes
1360,books
1361,booksampmedicine
1362,bool
1363,boom
1364,booo
1365,boooo
1366,boost
1367,booster
1368,boot
1369,booted
1370,boots
1371,booze
1372,boozefood
1373,bops
1374,bora
1375,border
1376,borderline
1377,bored
1378,born
1379,borrow
1380,bos
1381,bosbna
1382,bosclt
1383,bosdca
1384,bosfll
1385,bosgtjfk
1386,bosgtlas
1387,boslas
1388,bosmco
1389,bosnia
1390,boson
1391,bosphl
1392,boss
1393,bossan
1394,bossf
1395,bossju
1396,boston
1397,bostonbbb
1398,bostondenver
1399,bostongarden
1400,bostonlogan
1401,bot
1402,botched
1403,both
1404,bother
1405,bothered
1406,bots
1407,bottle
1408,bottles
1409,bottom
1410,bought
1411,bougth
1412,bounce
1413,bounced
1414,bouncer
1415,bounces
1416,bound
1417,boundless
1418,bourbon
1419,bout
1420,bowl
1421,box
1422,boy
1423,boycott
1424,boyfriend
1425,boyfriends
1426,boys
1427,bozos
1428,bpdfpp
1429,bqn
1430,bqonpa
1431,bracket
1432,bradley
1433,bradleyairport
1434,brag
1435,bragged
1436,bragging
1437,brain
1438,brancato
1439,brand
1440,brandi
1441,branding
1442,brandloveaffair
1443,brandmance
1444,brands
1445,brandssayingbae
1446,branson
1447,brave
1448,braved
1449,braving
1450,bravo
1451,bravo👏👏
1452,brazil
1453,brd
1454,breach
1455,bread
1456,break
1457,breakdown
1458,breaker
1459,breakfast
1460,breaking
1461,breaks
1462,breakup
1463,breast
1464,breastfeeding
1465,breath
1466,breathe
1467,breathing
1468,breavement
1469,breeze
1470,breezy
1471,brendan
1472,brendanpshannon
1473,brent
1474,bretharold
1475,brian
1476,brianregancomic
1477,briansumers
1478,bride
1479,bridesmaid
1480,bridge
1481,bridges
1482,bridgewaitingforbagsunitedewr
1483,briefings
1484,bright
1485,brighter
1486,brilliant
1487,bring
1488,bringbackrealstaff
1489,bringbacktheluvtordu
1490,bringin
1491,bringing
1492,brings
1493,bringyourown
1494,brink
1495,brisk
1496,britishairways
1497,brittany
1498,briughy
1499,bro
1500,broad
1501,broadway
1502,brochure
1503,broinlaw
1504,broke
1505,broken
1506,brokeni
1507,brokenpromises
1508,brokenstolen
1509,brokenwheel
1510,brooding
1511,brooklyn
1512,bros
1513,brotha
1514,brothaaaaaa
1515,brother
1516,brothers
1517,brought
1518,brownsville
1519,browser
1520,browsers
1521,brrr
1522,bruh
1523,bruhreal
1524,bruins
1525,brush
1526,brushing
1527,brussels
1528,brutal
1529,bryantmelton
1530,bs
1531,bshave
1532,bso
1533,bsuxlu
1534,bt
1535,btr
1536,bttr
1537,btv
1538,btw
1539,btwn
1540,btw😏
1541,bubbly
1542,buck
1543,bucket
1544,bucketobolts
1545,bucks
1546,budapest
1547,buddies
1548,buddy
1549,budget
1550,budweiserduels
1551,bueno
1552,buenos
1553,buf
1554,bufclt
1555,buffalo
1556,buffaloairport
1557,buffaloniagara
1558,bug
1559,bugging
1560,buggy
1561,build
1562,building
1563,built
1564,buisness
1565,bulb
1566,bulkhead
1567,bull
1568,bullshit
1569,bully
1570,bullying
1571,bummed
1572,bummer
1573,bump
1574,bumped
1575,bumper
1576,bumphigh
1577,bumping
1578,bums
1579,bunch
1580,bundle
1581,bundleup
1582,bur
1583,burbank
1584,burden
1585,bureau
1586,burger
1587,burgundy
1588,burlington
1589,burn
1590,burned
1591,burning
1592,burningman
1593,burrito
1594,burroughs
1595,burst
1596,bus
1597,busads
1598,buses
1599,busfirst
1600,bush
1601,bushleague
1602,bushug
1603,busiest
1604,business
1605,businessfirst
1606,businessmodel
1607,businessso
1608,businesstravel
1609,businesstrip
1610,bussey
1611,bussines
1612,busted
1613,busy
1614,but
1615,butnot
1616,butt
1617,button
1618,buttons
1619,buy
1620,buybacks
1621,buyer
1622,buying
1623,buys
1624,buytransfer
1625,buzz
1626,buzzkill
1627,bwahahaha
1628,bwi
1629,bwiairport
1630,bwiand
1631,bwibos
1632,bwiboston
1633,bwiewrmco
1634,bwilax
1635,bwisjd
1636,bwood
1637,by
1638,bye
1639,byebyejetblue
1640,byebyeusairline
1641,byod
1642,bypass
1643,bz
1644,bze
1645,c
1646,ca
1647,cab
1648,cabaret
1649,cabcelled
1650,cabin
1651,cabine
1652,cabinfever
1653,cabins
1654,cable
1655,cableinternet
1656,cabo
1657,cabs
1658,cac
1659,cache
1660,caching
1661,cae
1662,caexhibitions
1663,cafe
1664,caffeine
1665,cak
1666,cakairport
1667,cake
1668,cakendeath
1669,cal
1670,calamity
1671,calderon
1672,calendar
1673,calgary
1674,cali
1675,calibrated
1676,california
1677,call
1678,callah
1679,callback
1680,callbacks
1681,callbackthe
1682,callbag
1683,callcentre
1684,called
1685,callemail
1686,caller
1687,callers
1688,callguys
1689,callif
1690,calling
1691,callings
1692,callnow
1693,callplan
1694,calls
1695,callwhats
1696,calming
1697,calves
1698,came
1699,camera
1700,cameragear
1701,cameras
1702,cameronroe
1703,camp
1704,campaign
1705,campilley
1706,campus
1707,can
1708,cana
1709,canada
1710,canadaair
1711,canadian
1712,canadians
1713,cancelled
1714,cancer
1715,cancld
1716,cancun
1717,cancun❤️
1718,candace
1719,candice
1720,candy
1721,caned
1722,canister
1723,canld
1724,canned
1725,cannedtweet
1726,cannot
1727,cannoxtralegroom
1728,canplease
1729,cant
1730,cantblametheweather
1731,canthurtasking
1732,cantlike
1733,cantlogoutofunitedwifi
1734,canx
1735,cap
1736,capaaviation
1737,capabilities
1738,capability
1739,capable
1740,capacity
1741,capeairs
1742,capital
1743,capitalized
1744,capn
1745,capt
1746,captain
1747,captive
1748,captiveaudience
1749,capture
1750,captured
1751,car
1752,caravannyc
1753,card
1754,cardholder
1755,cards
1756,care
1757,cared
1758,career
1759,careers
1760,careless
1761,caren
1762,carerespond
1763,cares
1764,careyon
1765,cargo
1766,caribbean
1767,caribbejan
1768,caring
1769,carlton
1770,carmen
1771,carol
1772,carolina
1773,carolinas
1774,caroline
1775,carousel
1776,carpet
1777,carrie
1778,carried
1779,carrier
1780,carriers
1781,carrieunderwood
1782,carry
1783,carrying
1784,carryon
1785,carryonbagssloweverybodydown
1786,carryons
1787,cars
1788,carseat
1789,carsl
1790,cart
1791,carta
1792,cartagena
1793,cartago
1794,carts
1795,case
1796,casenothing
1797,cases
1798,cash
1799,casimir
1800,casleah
1801,casual
1802,catch
1803,catching
1804,category
1805,cater
1806,catered
1807,catering
1808,caterobbie
1809,catfoodbeerglue
1810,cathay
1811,cathaypacific
1812,cathaypacificus
1813,cathy
1814,cats
1815,catsanddogslivingtogether
1816,cattle
1817,caucasity
1818,caught
1819,cause
1820,caused
1821,causes
1822,causing
1823,caution
1824,cavalli
1825,cavan
1826,cave
1827,cavs
1828,caymanislands
1829,cb
1830,cbarrows
1831,cbcallinaday
1832,cbcnews
1833,cbsbaltimore
1834,cbsnews
1835,cbsphilly
1836,cbssoxfan
1837,cc
1838,ccicanine
1839,ccndjp
1840,ccwhy
1841,cdg
1842,cdglas
1843,cdn
1844,cdt
1845,ceases
1846,cebu
1847,celebrate
1848,celebrates
1849,celebrating
1850,celebration
1851,celebs
1852,cell
1853,cellphone
1854,cement
1855,center
1856,centerl
1857,centers
1858,centerworst
1859,central
1860,centre
1861,centric
1862,centricity
1863,cents
1864,century
1865,ceo
1866,ceos
1867,cert
1868,certain
1869,certainly
1870,certificate
1871,certificates
1872,certificatess
1873,certs
1874,cessnas
1875,cesspool
1876,cflanagian
1877,cgjase
1878,cgroup
1879,cha
1880,chaching
1881,chain
1882,chair
1883,chairman
1884,chairmanlove
1885,chairmans
1886,chairs
1887,chalk
1888,challemann
1889,challenge
1890,challenges
1891,challenging
1892,champagne
1893,championship
1894,chance
1895,chances
1896,change
1897,changed
1898,changemassive
1899,changer
1900,changes
1901,changesdeval
1902,changing
1903,channel
1904,channels
1905,chantilly
1906,chaos
1907,chaotic
1908,chaperone
1909,chapman
1910,chapter
1911,char
1912,charac
1913,character
1914,characterize
1915,characters
1916,charge
1917,charged
1918,charger
1919,chargersclothescoatcontact
1920,charges
1921,chargesi
1922,charging
1923,chariot
1924,charity
1925,charles
1926,charleston
1927,charlestonvery
1928,charlote
1929,charlotte
1930,charm
1931,chart
1932,charter
1933,chartering
1934,charttopping
1935,chase
1936,chasefoster
1937,chasing
1938,chat
1939,chathes
1940,chats
1941,chatted
1942,chatting
1943,cheap
1944,cheaper
1945,cheapest
1946,cheapflights
1947,cheapoair
1948,cheapoairchat
1949,cheapslogannotmotto
1950,cheat
1951,cheatcustomers
1952,cheated
1953,check
1954,checkbaggage
1955,checked
1956,checkers
1957,checkin
1958,checkinbag
1959,checkinbut
1960,checkincorrect
1961,checking
1962,checkinout
1963,checkins
1964,checkout
1965,checkouterror
1966,checkpoint
1967,checks
1968,cheer
1969,cheers
1970,cheertymedad
1971,cheerupdates
1972,cheese
1973,cheesy
1974,cheeze
1975,chef
1976,chemistry
1977,cheque
1978,cherry
1979,chewey
1980,chg
1981,chgd
1982,chge
1983,chging
1984,chi
1985,chiberia
1986,chibuf
1987,chicago
1988,chicagolaxphx
1989,chicagomidway
1990,chicagos
1991,chicagosmayor
1992,chicagothanks
1993,chicagotribune
1994,chicken
1995,chickenidiot
1996,chief
1997,child
1998,childish
1999,children
2000,childrens
2001,childridiculous
2002,childs
2003,chill
2004,chillpill
2005,chilly
2006,chillycvz
2007,chimid
2008,china
2009,chinese
2010,chipper
2011,chips
2012,chitocle
2013,chk
2014,chkd
2015,chkin
2016,chking
2017,chkpreboardnotcomingback
2018,chl
2019,chmom
2020,chnge
2021,cho
2022,chocked
2023,choclt
2024,chocolate
2025,choice
2026,choices
2027,choose
2028,choosechicago
2029,choosekind
2030,choosing
2031,choppiest
2032,choppy
2033,chose
2034,chosen
2035,chrishasmadeusblush
2036,christine
2037,christinebpc
2038,christmas
2039,chrome
2040,chromefirefox
2041,chronicleherald
2042,chronological
2043,chrysichrysic
2044,chs
2045,chuckhole
2046,churchmouse
2047,churn
2048,ciddfw
2049,cigarettes
2050,cinci
2051,cincinnati
2052,cincy
2053,cincyjust
2054,cinedrones
2055,cinnabon
2056,cinnabons
2057,cinziannap
2058,circle
2059,circles
2060,circling
2061,circuit
2062,circulation
2063,circumstances
2064,ciscojimfrench
2065,cisnerosmedia
2066,cistudios
2067,citi
2068,cities
2069,citing
2070,citizen
2071,city
2072,cityandsand
2073,citynot
2074,citystrangeand
2075,civilized
2076,cjdjpdx
2077,ckin
2078,claim
2079,claimed
2080,claiming
2081,claims
2082,clarence
2083,clarification
2084,clarify
2085,clarifying
2086,clarion
2087,clarita
2088,clarkhoward
2089,class
2090,classed
2091,classes
2092,classic
2093,classics
2094,classiq
2095,classwrite
2096,classy
2097,claudia
2098,claudoakeshott
2099,cld
2100,cldnt
2101,cle
2102,clean
2103,cleaned
2104,cleaning
2105,cleanliness
2106,clear
2107,clearance
2108,cleared
2109,clearing
2110,clearly
2111,clearvision
2112,clehelp
2113,clesfo
2114,cleveland
2115,clever
2116,clewould
2117,click
2118,clicked
2119,clicking
2120,clicks
2121,client
2122,clientnothappy
2123,clients
2124,clifton
2125,clincher
2126,cling
2127,clinicpolly
2128,cll
2129,clockwork
2130,clog
2131,close
2132,closed
2133,closepwcs
2134,closer
2135,closes
2136,closest
2137,closet
2138,closetoverhead
2139,closing
2140,closings
2141,closure
2142,clothes
2143,clothessuit
2144,clothing
2145,cloud
2146,clouds
2147,clown
2148,clowns
2149,cls
2150,clt
2151,cltbna
2152,cltdouglas
2153,cltgtsfo
2154,cltnyc
2155,club
2156,clubs
2157,clue
2158,cluecould
2159,clueless
2160,clues
2161,clunky
2162,cluster
2163,clusterfucks
2164,clutch
2165,cmh
2166,cmhiad
2167,cmhoak
2168,cmhord
2169,cmon
2170,cnbc
2171,cncdld
2172,cnceld
2173,cncld
2174,cncled
2175,cng
2176,cnn
2177,cnnbrk
2178,cnnmoney
2179,cnx
2180,cnxn
2181,cnxns
2182,co
2183,coach
2184,coached
2185,coachgs
2186,coast
2187,coastcoast
2188,coasts
2189,coat
2190,coathanging
2191,coats
2192,coatunfortunately
2193,cobedien
2194,cockpit
2195,cockroaches
2196,cocktail
2197,cocktailor
2198,cocktails
2199,cockup
2200,code
2201,coded
2202,codes
2203,codeshare
2204,codycleverly
2205,coffee
2206,coffeeat
2207,coffeemaker
2208,coffeeneeded
2209,coffin
2210,coin
2211,coincidence
2212,coke
2213,cokenice
2214,cold
2215,colder
2216,coldly
2217,cold😡
2218,coles
2219,colleague
2220,colleagues
2221,collect
2222,collection
2223,collectively
2224,college
2225,colliding
2226,colo
2227,colombia
2228,colombian
2229,colonist
2230,color
2231,colored
2232,colors
2233,colossal
2234,colours
2235,coltsmissingbags
2236,columbia
2237,columbian
2238,columbus
2239,coma
2240,combat
2241,combative
2242,combination
2243,combine
2244,combined
2245,combo
2246,comcast
2247,comclassic
2248,come
2249,comedian
2250,comedic
2251,comedy
2252,comenity
2253,comeon
2254,comeonpeople
2255,comes
2256,comethis
2257,cometoaustin
2258,comfort
2259,comfortable
2260,comfortably
2261,comforting
2262,comically
2263,comin
2264,coming
2265,comm
2266,command
2267,commands
2268,commence
2269,commend
2270,comment
2271,commented
2272,comments
2273,commercial
2274,commercials
2275,commission
2276,commit
2277,commitment
2278,commitments
2279,committed
2280,common
2281,comms
2282,communicate
2283,communicated
2284,communicateor
2285,communicating
2286,communication
2287,communicationcompetition
2288,communicationdetails
2289,communicationfail
2290,communicationiskey
2291,communications
2292,communist
2293,community
2294,commutation
2295,commute
2296,comp
2297,compact
2298,companies
2299,companion
2300,companionpass
2301,companionpasses
2302,companions
2303,company
2304,companyi
2305,companys
2306,comparable
2307,compare
2308,compared
2309,compares
2310,comparing
2311,comparison
2312,compartments
2313,compassion
2314,compassionate
2315,compatible
2316,compd
2317,comped
2318,compensate
2319,compensated
2320,compensates
2321,compensating
2322,compensation
2323,compete
2324,competent
2325,competes
2326,competing
2327,competition
2328,competitively
2329,competitor
2330,competitors
2331,comping
2332,complain
2333,complained
2334,complainer
2335,complainers
2336,complaining
2337,complains
2338,complaint
2339,complaintquestions
2340,complaints
2341,complete
2342,completed
2343,completely
2344,completing
2345,complex
2346,compliant
2347,complicated
2348,compliment
2349,complimentary
2350,complimentarybeveragesneeded
2351,complimenting
2352,compliments
2353,complt
2354,compmech
2355,compounded
2356,compounding
2357,comps
2358,compton
2359,computer
2360,computers
2361,computersweredown
2362,con
2363,concentrate
2364,concentrate😭😭
2365,concept
2366,concern
2367,concerned
2368,concerning
2369,concerns
2370,concert
2371,concerts
2372,concierge
2373,concourse
2374,concrete
2375,cond
2376,condescending
2377,condescension
2378,condition
2379,conditioning
2380,conditions
2381,condo
2382,condolences
2383,condomrito
2384,conection
2385,conf
2386,conference
2387,conferencewe
2388,confidence
2389,confident
2390,config
2391,confirm
2392,confirmation
2393,confirmations
2394,confirmed
2395,confirmedso
2396,confirming
2397,conflict
2398,conflicting
2399,confrontational
2400,confs
2401,confused
2402,confuses
2403,confusing
2404,confusion
2405,confusionno
2406,congested
2407,congrats
2408,congratulation
2409,congratulations
2410,conjunction
2411,conn
2412,connect
2413,connected
2414,connectfor
2415,connecticut❄️
2416,connectin
2417,connecting
2418,connection
2419,connectionand
2420,connections
2421,connectns
2422,connector
2423,connectors
2424,connects
2425,connetion
2426,connex
2427,connolly
2428,consecutive
2429,consider
2430,considerable
2431,considerably
2432,considerate
2433,consideration
2434,considered
2435,considering
2436,consistency
2437,consistent
2438,consistently
2439,consolation
2440,consoled
2441,constant
2442,constantly
2443,constitution
2444,construction
2445,constructive
2446,consult
2447,consultant
2448,consumer
2449,consumermarketing
2450,consumers
2451,consumption
2452,cont
2453,contaced
2454,contact
2455,contactcej
2456,contacted
2457,contacting
2458,contactless
2459,contagious
2460,contain
2461,container
2462,contains
2463,contd
2464,contempt
2465,contend
2466,content
2467,contentmarketing
2468,contents
2469,contest
2470,context
2471,continental
2472,continentalairlines
2473,continentals
2474,continentalunited
2475,contingencies
2476,contingency
2477,continually
2478,continue
2479,continued
2480,continues
2481,continuesstill
2482,continuing
2483,continuous
2484,contract
2485,contractors
2486,contracts
2487,contradictory
2488,contributiontopool
2489,control
2490,controllable
2491,controllableirregularity
2492,controlled
2493,controller
2494,controllers
2495,controllove
2496,controlthe
2497,conv
2498,convenience
2499,convenient
2500,conveniently
2501,conversation
2502,conversational
2503,conversations
2504,conversed
2505,conversion
2506,convey
2507,conveyer
2508,conveyor
2509,convince
2510,convinced
2511,convo
2512,cooker
2513,cookie
2514,cookies
2515,cool
2516,cooler
2517,coordinate
2518,cop
2519,copa
2520,copay
2521,copilot
2522,copy
2523,copypaste
2524,core
2525,corevalues
2526,corner
2527,corny
2528,corp
2529,corpgreed
2530,corporate
2531,corporatepaid
2532,corporation
2533,correct
2534,corrected
2535,corrective
2536,correctly
2537,correctness
2538,correlate
2539,correspondence
2540,corrupt
2541,cory
2542,corybronze
2543,cos
2544,coshared
2545,cosmetic
2546,cosmopolitan
2547,cost
2548,costa
2549,costarica
2550,costing
2551,costs
2552,costumer
2553,costumers
2554,costumerservice
2555,costwhy
2556,cot
2557,cots
2558,cough
2559,coughed
2560,could
2561,couldnt
2562,couldve
2563,couldwanted
2564,count
2565,counted
2566,counter
2567,counterparts
2568,counters
2569,counting
2570,countingdown
2571,countingjust
2572,countingphoto
2573,countingthanks
2574,countless
2575,countries
2576,country
2577,countryshes
2578,counts
2579,county
2580,couple
2581,coupled
2582,coupon
2583,coupons
2584,couponsi
2585,courier
2586,courrier
2587,course
2588,courses
2589,court
2590,courteous
2591,courteroy
2592,courtesy
2593,courtney
2594,courtsey
2595,courtsnod
2596,cousin
2597,cousins
2598,cover
2599,coverage
2600,covered
2601,covering
2602,covert
2603,cowardly
2604,cowboy
2605,cowboycerrone
2606,cowgirl
2607,coworker
2608,coworkers
2609,cozy
2610,cp
2611,cpap
2612,cpdone
2613,cpus
2614,cr
2615,crabby
2616,crackerjack
2617,crackers
2618,crackersnabisco
2619,craft
2620,craftbeer
2621,cramming
2622,cramped
2623,cranky
2624,crap
2625,crappiest
2626,crappy
2627,crash
2628,crashed
2629,crashedeverywhere
2630,crashes
2631,crashing
2632,crated
2633,craving
2634,crawling
2635,craziness
2636,crazinessintherockies
2637,crazy
2638,crazybitch
2639,cream
2640,create
2641,created
2642,creates
2643,creating
2644,creative
2645,credentials
2646,credibility
2647,credit
2648,creditcardsales
2649,credited
2650,credits
2651,creditwhats
2652,crew
2653,crewand
2654,crewe
2655,crewi
2656,crewmember
2657,crewmembers
2658,crewnow
2659,crews
2660,crewsignage
2661,crewtells
2662,cri
2663,crib
2664,crickets
2665,cried
2666,criminal
2667,crisis
2668,cristiannot
2669,criteria
2670,criticism
2671,crjs
2672,crook
2673,crooked
2674,cross
2675,crossbrowser
2676,crossed
2677,crossing
2678,crosswinds
2679,crosswords
2680,crowd
2681,crowded
2682,crucial
2683,cruel
2684,cruise
2685,crumbs
2686,crummyservice
2687,crutches
2688,cruz
2689,cry
2690,crying
2691,crystal
2692,crâpe
2693,cs
2694,csfail
2695,csm
2696,cspkcats
2697,csr
2698,csrs
2699,css
2700,cst
2701,cstmr
2702,cstsvc
2703,ct
2704,cteam
2705,ctg
2706,ctl
2707,ctr
2708,cty
2709,cuba
2710,cud
2711,cudtomers
2712,cue
2713,cultural
2714,culture
2715,cun
2716,cunewr
2717,cup
2718,cups
2719,curb
2720,curbside
2721,curfew
2722,curiosity
2723,curious
2724,current
2725,currently
2726,currentlysittingontarmac
2727,curse
2728,curt
2729,curtesy
2730,curvygirltravels
2731,cus
2732,cushion
2733,cushions
2734,cushy
2735,cussed
2736,cust
2737,custexp
2738,customary
2739,customer
2740,customerappreciation
2741,customercant
2742,customerexperience
2743,customerfriendly
2744,customerits
2745,customerloyalty
2746,customerrelationsaacom
2747,customers
2748,customerservice
2749,customerservicefail
2750,customerservicenot
2751,customerservices
2752,customerservicewin
2753,customersfirst
2754,customersshafted
2755,customerstime
2756,customersyou
2757,customs
2758,custs
2759,custserv
2760,custservicehasnonumber
2761,custy
2762,cut
2763,cute
2764,cutest
2765,cutoff
2766,cuts
2767,cutting
2768,cuz
2769,cuzco
2770,cvg
2771,cvgairport
2772,cx
2773,cxd
2774,cxed
2775,cxl
2776,cxld
2777,cxldprotection
2778,cxp
2779,cyberattack
2780,cycles
2781,cyndi
2782,czamkoff
2783,d
2784,da
2785,dad
2786,dadboner
2787,daddy
2788,daddyshome
2789,dadeland
2790,dadoralive
2791,dads
2792,daiber
2793,daily
2794,daipresident
2795,dakota
2796,dal
2797,dalaus
2798,daldca
2799,dale
2800,dallas
2801,dallasairporti
2802,dallasaustin
2803,dallasfort
2804,dallaslovefield
2805,dallaslovefieldaustinairport
2806,dallasnews
2807,dallasnext
2808,dallasraisenow
2809,dallastx
2810,dalmdw
2811,damage
2812,damaged
2813,damageluggage
2814,damages
2815,damion
2816,damn
2817,damper
2818,dan
2819,danahajek
2820,danbury
2821,dance
2822,dancing
2823,dandy
2824,dang
2825,danger
2826,dangerofgettingsnowedin
2827,dangerous
2828,dani
2829,daniel
2830,danihampton
2831,danny
2832,danroam
2833,dare
2834,dark
2835,darn
2836,darquenloveli
2837,darrel
2838,dart
2839,dartmedia
2840,daryl
2841,data
2842,date
2843,dates
2844,datetime
2845,dating
2846,datingrev
2847,daughter
2848,daughters
2849,david
2850,davidson
2851,dawn
2852,dawndavis
2853,day
2854,daycare
2855,daydelayed
2856,daydreaming
2857,dayi
2858,dayjustgotworse
2859,dayneed
2860,daynot
2861,dayreward
2862,days
2863,daysampcharging
2864,daysand
2865,daysinn
2866,daysits
2867,daysno
2868,daysnone
2869,daysnotahappytraveler
2870,daysplans
2871,daytona
2872,daytonabeach
2873,dc
2874,dca
2875,dcabos
2876,dcadsm
2877,dcaewr
2878,dcagthpn
2879,dcamanual
2880,dcapit
2881,dcarsw
2882,dcastl
2883,dcazero
2884,dcoadavon
2885,ddean
2886,de
2887,deactivate
2888,deactivated
2889,dead
2890,deadhead
2891,deaf
2892,deaffriendly
2893,deal
2894,dealing
2895,dealings
2896,deals
2897,dealsmay❤❤❤😍🌏
2898,dealt
2899,deal😉
2900,deane
2901,dear
2902,death
2903,debacle
2904,debating
2905,debbie
2906,debit
2907,deboards
2908,deborah
2909,dec
2910,deceiving
2911,december
2912,decency
2913,decent
2914,deceptive
2915,decide
2916,decided
2917,decides
2918,deciding
2919,decision
2920,decisions
2921,deck
2922,declaration
2923,declared
2924,decline
2925,declined
2926,decorum
2927,dedicated
2928,dedication
2929,deed
2930,deedee
2931,deemed
2932,deep
2933,deeply
2934,def
2935,defcon
2936,defective
2937,defend
2938,deferring
2939,defiantly
2940,defibrillator
2941,deficiency
2942,definately
2943,define
2944,defines
2945,definitely
2946,definition
2947,definitive
2948,deflator
2949,degree
2950,degrees
2951,dehli
2952,dehydrated
2953,deice
2954,deiced
2955,deicer
2956,deicing
2957,del
2958,delacy
2959,delaney
2960,delay
2961,delayconsequence
2962,delayed
2963,delayedagainevery
2964,delayedbecause
2965,delayedcancelled
2966,delayedconnection
2967,delayedl
2968,delayedno
2969,delayednot
2970,delayedover
2971,delayedovernight
2972,delayedstill
2973,delayedthats
2974,delayedwow
2975,delayforwhat
2976,delaygreatcustomerservice
2977,delaying
2978,delaykilling
2979,delaymissed
2980,delaypending
2981,delays
2982,delayscancelled
2983,delayshandling
2984,delays👌
2985,delete
2986,deleted
2987,delewr
2988,delhi
2989,deli
2990,deliberate
2991,delicious
2992,delight
2993,delighted
2994,delightful
2995,delinquent
2996,deliver
2997,delivered
2998,deliveredhotel
2999,delivering
3000,delivery
3001,delk
3002,delongerry
3003,delta
3004,deltaassist
3005,deltanews
3006,deltapoints
3007,delyd
3008,demanded
3009,demanding
3010,demo
3011,demolish
3012,demonstration
3013,demoted
3014,den
3015,denairport
3016,denbna
3017,dencle
3018,dendal
3019,dendfw
3020,denewr
3021,dengtyeg
3022,denied
3023,denise
3024,denisejtaylor
3025,denphl
3026,denphx
3027,dentedmissing
3028,denver
3029,denverairport
3030,denverboston
3031,deny
3032,deoderant
3033,deodorant
3034,dep
3035,depart
3036,departed
3037,departing
3038,department
3039,departments
3040,departs
3041,departure
3042,departuredealing
3043,departures
3044,dependable
3045,dependents
3046,depending
3047,depends
3048,deplane
3049,deplaned
3050,deplanes
3051,deplaning
3052,deplorable
3053,deployment
3054,depot
3055,depressing
3056,depression
3057,dept
3058,derrick
3059,des
3060,descending
3061,descent
3062,describe
3063,describing
3064,description
3065,desert
3066,deserve
3067,deserved
3068,deserves
3069,design
3070,designated
3071,designed
3072,designer
3073,designs
3074,desirable
3075,desired
3076,desires
3077,desition
3078,desk
3079,desks
3080,desktop
3081,desparately
3082,desperate
3083,desperately
3084,despicable
3085,despise
3086,despite
3087,dest
3088,destfeel
3089,destin
3090,destination
3091,destinationdragon
3092,destinationdragons
3093,destinationrude
3094,destinations
3095,destn
3096,destroy
3097,destroyed
3098,destroying
3099,detail
3100,detailed
3101,details
3102,detailsno
3103,detailsthat
3104,detailsu
3105,detective
3106,detectors
3107,deter
3108,deteriorating
3109,determination
3110,determined
3111,detroit
3112,devaluation
3113,devalue
3114,devalued
3115,devastated
3116,develop
3117,developers
3118,development
3119,device
3120,devices
3121,devotedyyours
3122,devs
3123,dfpietra
3124,dfw
3125,dfwairport
3126,dfwclt
3127,dfwgtgtmke
3128,dfwlax
3129,dfwno
3130,dfword
3131,dgoodspeed
3132,dhepburn
3133,dia
3134,diabetic
3135,dial
3136,dialing
3137,dialogue
3138,dialup
3139,diamond
3140,diane
3141,diapers
3142,dice
3143,dick
3144,dickheads
3145,dicks
3146,dictionary
3147,did
3148,didflyfi
3149,didinteresting
3150,didnt
3151,didntbut
3152,die
3153,died
3154,diego
3155,diehardvirgin
3156,dies
3157,diet
3158,dietcoke
3159,diff
3160,differ
3161,difference
3162,different
3163,differently
3164,difficult
3165,difficulties
3166,difficultieswhat
3167,difficulty
3168,diffused
3169,dig
3170,digg
3171,digging
3172,digit
3173,digital
3174,dignity
3175,dildo
3176,dilemma
3177,diligent
3178,dim
3179,dime
3180,dimensions
3181,diminishes
3182,dimmed
3183,ding
3184,dining
3185,dinner
3186,dinosaurplane
3187,dinosaurs
3188,direct
3189,directbag
3190,directed
3191,directflights
3192,directing
3193,direction
3194,directional
3195,directly
3196,directs
3197,directtv
3198,directv
3199,dirt
3200,dirtiest
3201,dirty
3202,disability
3203,disabled
3204,disabledtraveler
3205,disallows
3206,disappear
3207,disappeared
3208,disappearing
3209,disappears
3210,disappoint
3211,disappointed
3212,disappointedunited
3213,disappointing
3214,disappointment
3215,disappointments
3216,disappointmentyet
3217,disappoints
3218,disapptment
3219,disaster
3220,disastertravelingwithsmallkids
3221,disastrous
3222,disbelief
3223,disciplined
3224,disclose
3225,discnctany
3226,discomfort
3227,disconnect
3228,disconnected
3229,disconnectednew
3230,disconnecting
3231,disconnection
3232,disconnections
3233,disconnects
3234,discontinue
3235,discontinued
3236,discount
3237,discounts
3238,discouraging
3239,discourteous
3240,discover
3241,discovered
3242,discovergrenada
3243,discrimination
3244,discuss
3245,discusses
3246,discussing
3247,disgrace
3248,disgraceful
3249,disgruntled
3250,disguised
3251,disgusted
3252,disgusting
3253,disheartening
3254,dishonest
3255,dishonoring
3256,disinfectant
3257,dislexia
3258,dislike
3259,disloyal
3260,dismissed
3261,disney
3262,disneyland
3263,disneyprincesshalfmarathon
3264,disneys
3265,disneyworld
3266,disorganised
3267,disorganization
3268,disorganized
3269,dispatch
3270,dispatchalerts
3271,dispatcher
3272,dispatchissue
3273,displaced
3274,display
3275,displayed
3276,displays
3277,displeased
3278,displeasure
3279,disproportionate
3280,dispute
3281,disputed
3282,disregard
3283,disrespect
3284,disrespected
3285,disrespectful
3286,disrespectfully
3287,disrupted
3288,disruption
3289,disruptions
3290,dissapointed
3291,dissapointing
3292,dissapointment
3293,dissaponted
3294,dissatisfaction
3295,dissatisfied
3296,dissatisfiedthanks
3297,dissemination
3298,disservice
3299,disspointed
3300,distance
3301,distances
3302,distinguish
3303,distress
3304,distressed
3305,distribution
3306,distributor
3307,disturb
3308,disunited
3309,disupdates
3310,div
3311,divadapouch
3312,diverged
3313,diversion
3314,diversions
3315,divert
3316,diverted
3317,diverting
3318,divided
3319,dividend
3320,dividendmiles
3321,dividendrewards
3322,dividends
3323,dividendsmember
3324,divident
3325,divider
3326,dj
3327,djevolutionhd
3328,djimpact
3329,djqkc
3330,dl
3331,dm
3332,dmangenvisualclubconceptscom
3333,dmcome
3334,dmd
3335,dmed
3336,dming
3337,dmoukdarath
3338,dms
3339,dmscusairwayscom
3340,dmstill
3341,dmv
3342,dns
3343,dnt
3344,do
3345,dobetter
3346,dobetterjetblue
3347,dobut
3348,doc
3349,docs
3350,doctor
3351,doctors
3352,document
3353,documentation
3354,does
3355,doesnt
3356,doesntfeellikestatusyet
3357,dog
3358,dogbuckeye
3359,dogs
3360,doi
3361,doin
3362,doing
3363,doke
3364,doll
3365,dollar
3366,dollars
3367,domestic
3368,domingo
3369,dominican
3370,dominick
3371,donate
3372,donatert
3373,donation
3374,done
3375,donedeal
3376,donkey
3377,donna
3378,donotflyusair
3379,donotflywiththem
3380,dons
3381,dont
3382,dontchangeathing
3383,dontdothistome
3384,dontflythem
3385,dontflyusairways
3386,donthavehighhopes
3387,dontmakemebeg
3388,dontmakemegooutside
3389,donts
3390,donut
3391,donuts
3392,doo
3393,doom
3394,door
3395,doorclose
3396,dooronly
3397,doors
3398,doorstep
3399,dope
3400,dorm
3401,dorns
3402,dos
3403,dosequis
3404,dot
3405,dothatd
3406,dotnetnate
3407,double
3408,doubled
3409,doublestandards
3410,doubletriple
3411,doubt
3412,doubtful
3413,doug
3414,douglas
3415,doumented
3416,dounotwantmybusiness
3417,down
3418,downgrade
3419,downgraded
3420,downgrading
3421,downhill
3422,downhow
3423,download
3424,downloaded
3425,downmy
3426,downnnnn
3427,downright
3428,downs
3429,downstairs
3430,downthanks
3431,downtown
3432,doyourjob
3433,dozen
3434,dozens
3435,dpdfpp
3436,dpt
3437,dpted
3438,dr
3439,draft
3440,drag
3441,dragon
3442,dragons
3443,drain
3444,dramatically
3445,draw
3446,drawing
3447,draws
3448,dre
3449,dread
3450,dreadful
3451,dreading
3452,dream
3453,dreaming
3454,dreamliner
3455,dreampath
3456,dreams
3457,drenched
3458,dresparkles
3459,dress
3460,dressed
3461,drift
3462,drink
3463,drinker
3464,drinking
3465,drinks
3466,drinksnack
3467,drinkssnacks
3468,drive
3469,driven
3470,driver
3471,drivermissed
3472,drivers
3473,drives
3474,driving
3475,drone
3476,drop
3477,droped
3478,dropped
3479,droppeditoffyet
3480,dropping
3481,drops
3482,drove
3483,drunk
3484,drunkpilots
3485,drunks
3486,drvrugby
3487,dry
3488,dsearls
3489,dsm
3490,dtv
3491,dtw
3492,dtwase
3493,dualcam
3494,duanenclark
3495,dub
3496,dubai
3497,dubjac
3498,dublin
3499,dublinairport
3500,duck
3501,ducttaped
3502,dude
3503,due
3504,duecto
3505,duffle
3506,duh
3507,duke
3508,dulles
3509,dullesairport
3510,dullessucks
3511,dullestostatecollege
3512,dulleswashington
3513,dulleswe
3514,dumb
3515,dump
3516,dumped
3517,dumping
3518,dumps
3519,dungeon
3520,dunkin
3521,dunno
3522,duped
3523,durango
3524,during
3525,dust
3526,dustyob
3527,duty
3528,dvr
3529,dvt
3530,dwell
3531,dxb
3532,dying
3533,dynamite
3534,e
3535,ea
3536,each
3537,eager
3538,eagle
3539,ear
3540,earlier
3541,earlieror
3542,earliest
3543,early
3544,earlybird
3545,earlybirdmeansnothing
3546,earlyconnecting
3547,earlyon
3548,earn
3549,earned
3550,earnedmybusiness
3551,earning
3552,earnings
3553,earphone
3554,earring
3555,earrings
3556,earth
3557,earthquake
3558,earthquakehaiti
3559,ease
3560,easier
3561,easiest
3562,easily
3563,east
3564,easter
3565,eastern
3566,easy
3567,eat
3568,eaten
3569,eatgregeat
3570,eating
3571,eatup
3572,eb
3573,ebhset
3574,ebokeers
3575,ebola
3576,ebook
3577,ec
3578,ecertificate
3579,eco
3580,ecom
3581,econ
3582,economic
3583,economy
3584,ecuador
3585,ed
3586,edge
3587,edgy
3588,edinburgh
3589,edit
3590,edition
3591,edits
3592,edplotts
3593,edreamsen
3594,educate
3595,education
3596,educational
3597,ees
3598,effect
3599,effective
3600,efficencies
3601,efficiency
3602,efficient
3603,efficiently
3604,effin
3605,effing
3606,effort
3607,effortless
3608,efforts
3609,eg
3610,ege
3611,egregious
3612,eh
3613,ehsanismpowered
3614,eight
3615,either
3616,ejacqui
3617,el
3618,elaborate
3619,elbows
3620,elderly
3621,elected
3622,electric
3623,electrical
3624,electronic
3625,electronics
3626,elevate
3627,elevategold
3628,elevatethey
3629,elevator
3630,eligible
3631,elingeniero
3632,elise
3633,elite
3634,eliz
3635,eliza
3636,elizabeth
3637,ella
3638,ellahenderson
3639,ellamae
3640,ellas
3641,elm
3642,elmira
3643,elp
3644,elpaso
3645,els
3646,else
3647,elses
3648,elsewhere
3649,em
3650,email
3651,emailcall
3652,emailed
3653,emailing
3654,emailingcallingdming
3655,emailmailtocustomerrelationsusairwayscom
3656,emails
3657,emailscalls
3658,emailtext
3659,emailtextphone
3660,emaleesugano
3661,embarrassed
3662,embarrassing
3663,embarrassment
3664,embassy
3665,embed
3666,embody
3667,embossed
3668,embraersa
3669,emer
3670,emerald
3671,emerg
3672,emergencies
3673,emergency
3674,emerging
3675,emeyerson
3676,emily
3677,emilydonneiiy
3678,emilylyonss
3679,emirates
3680,emmaclifford
3681,emotional
3682,emp
3683,empathetic
3684,empathize
3685,empathizes
3686,empathy
3687,emphasize
3688,empl
3689,emplid
3690,employ
3691,employee
3692,employeefaceless
3693,employeerelations
3694,employees
3695,employeeslack
3696,employees✌️
3697,employeeworking
3698,employer
3699,emptied
3700,empty
3701,ems
3702,emv
3703,emxlyy
3704,en
3705,encounter
3706,encountered
3707,encourage
3708,encouraged
3709,encouragement
3710,end
3711,ended
3712,ending
3713,endless
3714,endlessly
3715,ends
3716,enemy
3717,energy
3718,enforce
3719,enforcement
3720,enforcing
3721,engadget
3722,engagement
3723,engagements
3724,engaging
3725,engine
3726,engineer
3727,england
3728,english
3729,englishspanish
3730,enhance
3731,enjoy
3732,enjoyable
3733,enjoyed
3734,enjoying
3735,enormous
3736,enough
3737,enoughisenough
3738,enquires
3739,enraging
3740,enroll
3741,enrolled
3742,enroute
3743,ensued
3744,ensure
3745,ensured
3746,ensuring
3747,enter
3748,entered
3749,entering
3750,enterprise
3751,enters
3752,entertain
3753,entertained
3754,entertaining
3755,entertainment
3756,entertainmnt
3757,entire
3758,entirely
3759,entitled
3760,entrance
3761,entree
3762,entrees
3763,entrusted
3764,entry
3765,enuf
3766,environment
3767,envoy
3768,envoys
3769,enzo
3770,eom
3771,eould
3772,ep
3773,epic
3774,epicfail
3775,epicfailunited
3776,epicfailure
3777,epipens
3778,epitimeoffail
3779,eps
3780,eqms
3781,eqp
3782,equal
3783,equality
3784,equalizer
3785,equally
3786,equals
3787,equip
3788,equipment
3789,equipped
3790,equivalent
3791,erased
3792,erewards
3793,eri
3794,ericbradleypt
3795,erickofiejones
3796,erie
3797,erieairport
3798,eriewr
3799,eriord
3800,ernievigil
3801,err
3802,erring
3803,error
3804,errored
3805,erroring
3806,errors
3807,ers
3808,erw
3809,es
3810,escalate
3811,escape
3812,escaping
3813,escorted
3814,eserviceunitedcom
3815,esp
3816,especially
3817,espinosa
3818,espncoachmack
3819,essence
3820,essential
3821,essentially
3822,essentials
3823,est
3824,establish
3825,established
3826,estelle
3827,estellevw
3828,estimate
3829,estimated
3830,estplatinumeventually
3831,et
3832,eta
3833,etailwest
3834,etc
3835,etd
3836,eternal
3837,eternally
3838,eternity
3839,ethan
3840,ethics
3841,ethiopia
3842,eticket
3843,etihad
3844,etiquette
3845,eu
3846,europe
3847,european
3848,euros
3849,evacuated
3850,evaluate
3851,evansville
3852,evasive
3853,evedidnt
3854,even
3855,evening
3856,evenings
3857,evenlate
3858,evenmorespace
3859,evenmoreview
3860,evennotified
3861,event
3862,eventprof
3863,events
3864,eventually
3865,ever
3866,everglades
3867,everleft
3868,evermoreroom
3869,every
3870,everybody
3871,everyone
3872,everyones
3873,everything
3874,everythings
3875,everythingsgonnabealright
3876,everytime
3877,everywhere
3878,evidence
3879,evidently
3880,evil
3881,evn
3882,evolved
3883,evoucher
3884,evr
3885,evry
3886,evrytime
3887,evv
3888,ew
3889,ewk
3890,ewr
3891,ewrbrudel
3892,ewrfll
3893,ewriad
3894,ewrmco
3895,ewrord
3896,ewrpdx
3897,ewrsti
3898,ex
3899,exacerbates
3900,exact
3901,exactly
3902,example
3903,exams
3904,exasperating
3905,exboyfriend
3906,exceed
3907,excellence
3908,excellent
3909,excellentcustomerservice
3910,except
3911,exception
3912,exceptional
3913,exceptionally
3914,exceptionalservice
3915,exceptions
3916,excess
3917,exchange
3918,exchangecredit
3919,excited
3920,excitement
3921,exciting
3922,exclusive
3923,exclusively
3924,excruciatingly
3925,excusable
3926,excuse
3927,excusegeez
3928,excuses
3929,exe
3930,exec
3931,execplat
3932,execution
3933,executive
3934,executiveplatinummeansnothing
3935,executives
3936,exercise
3937,exeu
3938,exhausted
3939,exhausting
3940,exhaustion
3941,exhibited
3942,exhorbitantfees
3943,exicted
3944,exist
3945,existence
3946,existent
3947,existing
3948,exists
3949,exit
3950,exiting
3951,exitrow
3952,exits
3953,exp
3954,expand
3955,expanded
3956,expanding
3957,expansion
3958,expect
3959,expectations
3960,expected
3961,expecting
3962,expects
3963,expedia
3964,expediatheres
3965,expedient
3966,expedite
3967,expedited
3968,expeditious
3969,expens
3970,expense
3971,expenses
3972,expensive
3973,experience
3974,experienced
3975,experiences
3976,experiencing
3977,experts
3978,expiration
3979,expire
3980,expired
3981,expires
3982,expireswhy
3983,expiring
3984,explain
3985,explained
3986,explaining
3987,explains
3988,explanation
3989,explanations
3990,explore
3991,explorer
3992,exposed
3993,expowest
3994,express
3995,expressed
3996,expressing
3997,exps
3998,extend
3999,extended
4000,extending
4001,extension
4002,extent
4003,extenuating
4004,extinct
4005,extortion
4006,extra
4007,extractions
4008,extralight
4009,extraordinaire
4010,extraordinary
4011,extraspeed
4012,extravaganza
4013,extreme
4014,extremely
4015,ey
4016,eye
4017,eyeglasses
4018,eyes
4019,eyewitness
4020,eyw
4021,eyyyy
4022,ezee
4023,ezemanalyst
4024,f
4025,fa
4026,faa
4027,faaaannntastic😭
4028,faail
4029,faanews
4030,fab
4031,fabrice
4032,fabulous
4033,face
4034,facebook
4035,faced
4036,facepalm
4037,faces
4038,facilities
4039,facing
4040,fact
4041,facts
4042,fail
4043,failagain
4044,failback
4045,failed
4046,failing
4047,failingyourcustomer
4048,failover
4049,failphone
4050,fails
4051,failure
4052,failures
4053,failurethen
4054,faint
4055,fair
4056,fairbanks
4057,faire
4058,fairfax
4059,fairly
4060,fairs
4061,fairway
4062,faith
4063,faithful
4064,fake
4065,fakeawards
4066,fakesincerity
4067,fakesnow
4068,fall
4069,fallen
4070,fallflorida
4071,falling
4072,fallow
4073,falls
4074,false
4075,falseadvertising
4076,fam
4077,familiar
4078,families
4079,family
4080,familyand
4081,familyfriends
4082,familys
4083,familywe
4084,famous
4085,fampampcking
4086,fampking
4087,fam😭😭
4088,fan
4089,fancy
4090,fans
4091,fantastic
4092,fantasy
4093,faq
4094,far
4095,farce
4096,fare
4097,farecompare
4098,farelock
4099,fares
4100,fargo
4101,fargoairport
4102,farmington
4103,farms
4104,farmy
4105,farthanks
4106,fas
4107,fashion
4108,fashioned
4109,fast
4110,fastcompanys
4111,fasten
4112,faster
4113,fastest
4114,fat
4115,fate
4116,father
4117,fathers
4118,fattire
4119,fattuesday
4120,fault
4121,faults
4122,faulty
4123,faundation
4124,fav
4125,fave
4126,faves
4127,favor
4128,favorite
4129,favoriteairline
4130,favor🙏❤️
4131,fax
4132,faxlike
4133,fay
4134,fb
4135,fc
4136,fcking
4137,fcmostinnovative
4138,fcuk
4139,fd
4140,fe
4141,fear
4142,fearing
4143,feat
4144,feature
4145,feb
4146,february
4147,februaryi
4148,febs
4149,feces
4150,feck
4151,fed
4152,federal
4153,fedex
4154,fedexed
4155,fedora
4156,fedup
4157,fee
4158,feed
4159,feedback
4160,feel
4161,feelbetter
4162,feeling
4163,feelings
4164,feelingtheluv
4165,feels
4166,feelsgood
4167,feeltheheat
4168,fees
4169,feesbut
4170,feet
4171,feet💤
4172,feeyou
4173,fehqne
4174,fell
4175,fella
4176,felt
4177,female
4178,fend
4179,fendforyourself
4180,ferrissalameh
4181,ferry
4182,festival
4183,festivities
4184,fete
4185,few
4186,fewdirectflights
4187,fewer
4188,ff
4189,ffl
4190,ffstatusdontmatter
4191,fi
4192,fiancee
4193,fiancé
4194,fiancée
4195,fiasco
4196,fib
4197,fiction
4198,fidencio
4199,fidifamilies
4200,field
4201,fields
4202,fifth
4203,fifty
4204,fight
4205,fights
4206,figure
4207,figured
4208,figures
4209,file
4210,filed
4211,filing
4212,fill
4213,filled
4214,filling
4215,film
4216,filmcrew
4217,filmjobnoequipment
4218,films
4219,filters
4220,filthy
4221,filthyplane
4222,fin
4223,final
4224,finale
4225,finalizing
4226,finally
4227,finals
4228,finalstretch
4229,financial
4230,find
4231,findanothergate
4232,finder
4233,finding
4234,finds
4235,findurgrip
4236,fine
4237,finest
4238,fing
4239,finger
4240,fingers
4241,fingerscrossed
4242,finish
4243,finishes
4244,finleybklyncfs
4245,finnair
4246,fiousairways
4247,fire
4248,fired
4249,firefighters
4250,firefox
4251,firevan
4252,firing
4253,firm
4254,first
4255,firstboth
4256,firstclass
4257,firstlove
4258,firststari
4259,firstworldproblems
4260,fiscal
4261,fispahani
4262,fist
4263,fistfights
4264,fit
4265,fitbit
4266,fits
4267,fitz
4268,five
4269,fiveword
4270,fix
4271,fixed
4272,fixedcertain
4273,fixes
4274,fixing
4275,fixthis
4276,fixyourstuff
4277,fjbfsc
4278,fkn
4279,fl
4280,fla
4281,flagging
4282,flailing
4283,flamethrowers
4284,flashlight
4285,flat
4286,flatiron
4287,flattering
4288,flavors
4289,flaw
4290,flawed
4291,flawless
4292,fleek
4293,fleet
4294,fleets
4295,flew
4296,flex
4297,flexes
4298,flexibility
4299,flexibilitycompassion
4300,flexible
4301,flght
4302,flgjt
4303,flgt
4304,flier
4305,flierfriendly
4306,fliers
4307,flierssomeone
4308,flies
4309,flight
4310,flightamp
4311,flightation
4312,flightations
4313,flightattendant
4314,flightaware
4315,flightcancelled
4316,flightchange
4317,flightchecked
4318,flightchng
4319,flightd
4320,flightdelay
4321,flightdincompetence
4322,flighted
4323,flightedflight
4324,flightedmechprobs
4325,flightedrescheduled
4326,flightedsent
4327,flightedsnow
4328,flightedstill
4329,flightfail
4330,flightflew
4331,flightget
4332,flightglobal
4333,flightgotta
4334,flighthis
4335,flighting
4336,flightingdelaying
4337,flightits
4338,flightive
4339,flightlanding
4340,flightlation
4341,flightlations
4342,flightlationyou
4343,flightled
4344,flightledcant
4345,flightleddelayed
4346,flightledflight
4347,flightledgonna
4348,flightledrebooked
4349,flightledthor
4350,flightledtried
4351,flightline
4352,flightling
4353,flightly
4354,flightmarch
4355,flightn
4356,flightncy
4357,flightness
4358,flightnever
4359,flightnightmare
4360,flightno
4361,flightplease
4362,flightr
4363,flightrcould
4364,flightrexcept
4365,flightrfor
4366,flightrs
4367,flights
4368,flightsairports
4369,flightsdelays
4370,flightsmilespoints
4371,flightspots
4372,flightsrefunds
4373,flightst
4374,flightstart
4375,flightsthis
4376,flightstill
4377,flightsyearmy
4378,flights😔
4379,flighttherere
4380,flighttold
4381,flightu
4382,flightupset
4383,flightwouldve
4384,flight🍸sfo
4385,fligt
4386,fligth
4387,fligths
4388,flintstone
4389,flip
4390,flipped
4391,flipping
4392,flipside
4393,flite
4394,fll
4395,fllairport
4396,fllgtsfo
4397,fllight
4398,floor
4399,floors
4400,florida
4401,floridavacation
4402,flow
4403,flowerssmfh
4404,flown
4405,flt
4406,fltnext
4407,flts
4408,flu
4409,fluctuated
4410,fluid
4411,flustered
4412,flutter
4413,fly
4414,flyanaofficial
4415,flyaway
4416,flybetter
4417,flycould
4418,flydelta
4419,flydeltanexttime
4420,flyeia
4421,flyer
4422,flyerfriendly
4423,flyers
4424,flyfi
4425,flyfrontier
4426,flyin
4427,flying
4428,flyingainteasy
4429,flyingflighttravel
4430,flyingitforward
4431,flyingretro
4432,flyingwithus
4433,flyitforward
4434,flyjetblue
4435,flyknoxville
4436,flylaxairport
4437,flynashville
4438,flypbi
4439,flypdx
4440,flyquiet
4441,flyrepublicair
4442,flysaa
4443,flysfo
4444,flysouthwest
4445,flysw
4446,flyswa
4447,flythefriendlyskies
4448,flythroughs
4449,flytpa
4450,flyunited
4451,flyus
4452,flywere
4453,flywhonotblue
4454,flyyow
4455,fm
4456,fmjtyl
4457,fml
4458,fnd
4459,fo
4460,focus
4461,focused
4462,fog
4463,foh
4464,folder
4465,folding
4466,foldup
4467,folk
4468,folks
4469,follow
4470,followback
4471,followdm
4472,followed
4473,followers
4474,following
4475,follows
4476,followup
4477,fong
4478,food
4479,foodallergies
4480,foodallergy
4481,foodnetwork
4482,foodnot
4483,foodnothing
4484,foodso
4485,fool
4486,foolish
4487,foolthats
4488,foot
4489,footage
4490,footrest
4491,for
4492,force
4493,forced
4494,forcedovernight
4495,forces
4496,forcing
4497,forecast
4498,forecasted
4499,forecasts
4500,foreign
4501,forelock
4502,foresight
4503,forever
4504,foreveranyone
4505,forevercold
4506,foreverrrrrr
4507,forever😃💕😍⤴⤴
4508,forfeit
4509,forfeited
4510,forfeits
4511,forget
4512,forgets
4513,forgetting
4514,forgive
4515,forgiven
4516,forgot
4517,forgotmiahe
4518,forgotten
4519,form
4520,formal
4521,formality
4522,formally
4523,format
4524,formed
4525,former
4526,forms
4527,formsmaddening
4528,formula
4529,forsythfactor
4530,fort
4531,forth
4532,fortunately
4533,fortunemagazine
4534,forty
4535,foru
4536,forum
4537,forward
4538,forwarding
4539,fostering
4540,found
4541,four
4542,fourhour
4543,fourth
4544,fouryrolds
4545,fouty
4546,foxnews
4547,fr
4548,fra
4549,fracat
4550,fraction
4551,fraif
4552,frame
4553,fran
4554,france
4555,francisco
4556,frank
4557,frankfurt
4558,frankly
4559,frankpostsecretcom
4560,frano
4561,fransico
4562,fransisco
4563,fraud
4564,frauds
4565,freaked
4566,freakin
4567,freaking
4568,freaks
4569,freaky
4570,fred
4571,freddie
4572,freddieawards
4573,free
4574,freecomedyshow
4575,freeconcert
4576,freedrinkcoupons
4577,freeflight
4578,freejust
4579,freeneversucks
4580,freeze
4581,freezes
4582,freezing
4583,freezing😜
4584,french
4585,freq
4586,frequency
4587,frequent
4588,frequentflyer
4589,frequentflyerappreciates
4590,frequentflyers
4591,frequently
4592,fresh
4593,fresno
4594,freyabevanfund
4595,freyasfund
4596,fri
4597,fricken
4598,friday
4599,fridgethat
4600,friend
4601,friendliest
4602,friendly
4603,friendlyfriday
4604,friendlyskies
4605,friendlysky
4606,friendlyteam
4607,friends
4608,frightening
4609,frigid
4610,frigidfriday
4611,fritz
4612,frm
4613,fro
4614,from
4615,fromthefrontseat
4616,fron
4617,front
4618,frontend
4619,frontier
4620,frontrunner
4621,froschtravel
4622,froward
4623,frown
4624,frowny
4625,frozen
4626,frozentoilet
4627,frozenwater
4628,fruit
4629,frustrated
4630,frustrating
4631,frustratingit
4632,frustratingly
4633,frustration
4634,frustrations
4635,fsqthg
4636,ft
4637,ftl
4638,ftlauderdale
4639,ftlauderdalesun
4640,ftmyers
4641,ftw
4642,fu
4643,fuccc
4644,fuck
4645,fucked
4646,fucken
4647,fuckin
4648,fuckinf
4649,fucking
4650,fuckinlame
4651,fuckoff
4652,fudgers
4653,fudgin
4654,fuel
4655,fuelamplikely
4656,fuelcycle
4657,fueled
4658,fuk
4659,fuking
4660,fulfill
4661,fulfilled
4662,full
4663,fulldont
4664,fulleven
4665,fullfa
4666,fullfare
4667,fullprice
4668,fully
4669,fullyear
4670,fun
4671,func
4672,function
4673,functional
4674,functionality
4675,functionally
4676,functioning
4677,funds
4678,funeral
4679,funerals
4680,funflightattendants
4681,funited
4682,funny
4683,funnycaptain
4684,furious
4685,furnish
4686,furrow
4687,furryfiesta
4688,further
4689,fuselage
4690,fustrated
4691,fusturated
4692,future
4693,fuyukaidesuyo
4694,fwa
4695,fwd
4696,fwiw
4697,fyi
4698,fyicall
4699,fyvrfn
4700,fêroute
4701,g
4702,ga
4703,gabriela
4704,gaga
4705,gagent
4706,gah
4707,gain
4708,gaincustomers
4709,gainesville
4710,gains
4711,gal
4712,gala
4713,galaxy
4714,galley
4715,game
4716,gameboy
4717,gang
4718,gangway
4719,gap
4720,garage
4721,garbage
4722,garcia
4723,gardening
4724,gary
4725,garywerk
4726,gas
4727,gassing
4728,gastoncounty
4729,gate
4730,gateagain
4731,gates
4732,gatestill
4733,gather
4734,gatwick
4735,gave
4736,gay
4737,gd
4738,gear
4739,gears
4740,gee
4741,geeeeezzzzz
4742,geekandahalf
4743,geeks
4744,geekstiel
4745,geez
4746,geg
4747,gem
4748,gems
4749,general
4750,generally
4751,generated
4752,generic
4753,geneva
4754,genious
4755,genius
4756,gent
4757,gentleman
4758,gently
4759,gents
4760,genuine
4761,genuinely
4762,geography
4763,george
4764,georgia
4765,geraghty
4766,geraldine
4767,german
4768,germany
4769,germs
4770,gerne
4771,gerrielliott
4772,gesture
4773,get
4774,getaway
4775,getconnected
4776,getittogether
4777,getmartyhome
4778,getmehome
4779,getmeoffrhisfuckinplane
4780,getmeoffthisbird
4781,getmeoffthisplane
4782,getmeontop
4783,getmeouttahere
4784,getmorehands
4785,getphilz
4786,gets
4787,gettin
4788,getting
4789,gettingbetter
4790,gettingimpatient
4791,gettingoffplane
4792,gettingthirsty
4793,getyouracttogether
4794,getyourlife
4795,gf
4796,gfc
4797,ggqzqd
4798,ggreenwald
4799,ghettofab
4800,giannilee
4801,giant
4802,giants
4803,gif
4804,gift
4805,gifting
4806,gifts
4807,gig
4808,giggled
4809,gills
4810,gimme
4811,gin
4812,girl
4813,girlfriend
4814,girlfriends
4815,girls
4816,girlsweekend
4817,gist
4818,give
4819,given
4820,gives
4821,givethemraises
4822,givethoseladiesraise
4823,giving
4824,gj
4825,gjt
4826,glad
4827,gladly
4828,gladys
4829,glamco
4830,glance
4831,glasgow
4832,glass
4833,glassdoors
4834,glasses
4835,glassslipperchallenge
4836,glenn
4837,glitch
4838,glitches
4839,glitchy
4840,global
4841,globalfc
4842,globe
4843,gloves
4844,glowing
4845,gluten
4846,gma
4847,gmail
4848,gmas
4849,gng
4850,gnight
4851,gnv
4852,gnvltltltfsd
4853,go
4854,goal
4855,gobankrupt
4856,god
4857,goddamn
4858,godelta
4859,goes
4860,gofundme
4861,gogh
4862,gogo
4863,gohelp
4864,goin
4865,going
4866,goingforgreat
4867,goingforgreatnessfail
4868,goingtovegas
4869,gold
4870,golden
4871,goldentickets
4872,goldsapphire
4873,goldsspousaldiscriminationangry
4874,golf
4875,golfbags
4876,golfunited
4877,golfwithwoody
4878,gone
4879,gonenow
4880,gong
4881,gonna
4882,gonnabealongnight
4883,good
4884,goodbye
4885,goodcustomerservice
4886,goodday
4887,goodenoughmother
4888,goodenufmother
4889,goodflight
4890,goodgenes
4891,goodgriefpeople
4892,goodhumored
4893,goodluckamericanair
4894,goodness
4895,goodnight
4896,goods
4897,goodthingscome
4898,goodwill
4899,good💙💙💙💙
4900,google
4901,goose
4902,goosebayairport
4903,gooutofbusiness
4904,gopatriots
4905,gopro
4906,gopuregrenada
4907,gorgeous
4908,gosh
4909,got
4910,gotcha
4911,goto
4912,gotta
4913,gotten
4914,gottogetbetter
4915,gov
4916,government
4917,governor
4918,govt
4919,gpu
4920,grab
4921,grabbed
4922,grace
4923,gracias
4924,gracious
4925,graded
4926,graders
4927,grades
4928,graduate
4929,graduation
4930,gramp
4931,grand
4932,grandbabies
4933,grandcanyon
4934,grandcayman
4935,grandfather
4936,grandkids
4937,grandma
4938,grandmother
4939,grandmothers
4940,grandparents
4941,grandpas
4942,grant
4943,granting
4944,graphic
4945,graphics
4946,gras
4947,grasshopper
4948,grassy
4949,grateful
4950,gratitude
4951,gray
4952,great
4953,greatcustomerservice✈☺
4954,greater
4955,greatest
4956,greatgranny
4957,greati
4958,greatjob
4959,greatly
4960,greatservice
4961,greed
4962,greedy
4963,greeeaat
4964,green
4965,greenfield
4966,greensboro
4967,greenville
4968,greeted
4969,greeting
4970,greetings
4971,greetingz
4972,greg
4973,greyed
4974,greyhoundbus
4975,grief
4976,grievance
4977,grinding
4978,gripeo
4979,grk
4980,grnd
4981,groan
4982,gross
4983,grossed
4984,grossedout
4985,grossthe
4986,grouchy
4987,ground
4988,grounded
4989,groundoutside
4990,grounds
4991,groundstill
4992,ground😡
4993,group
4994,groupa
4995,grouping
4996,groups
4997,grow
4998,growing
4999,grown
5000,grp
5001,grr
5002,grrrr
5003,grrrrrr
5004,grrrrrrrr
5005,grt
5006,gru
5007,gruber
5008,grumpy
5009,grumpykim
5010,gsa
5011,gso
5012,gsp
5013,gt
5014,gtclt
5015,gtgt
5016,gtgtgt
5017,gthour
5018,gtsouthwestair
5019,gtsvyb
5020,guacamole
5021,guam
5022,guarantee
5023,guaranteed
5024,guardia
5025,guatemala
5026,guc
5027,guess
5028,guessflight
5029,guessing
5030,guesstimate
5031,guessweflyingdelta
5032,guest
5033,guests
5034,guidance
5035,guide
5036,guidelines
5037,guilty
5038,guiltypleasures
5039,guinea
5040,guitar
5041,guitars
5042,gum
5043,gun
5044,gunna
5045,guns
5046,guru
5047,gusty
5048,guy
5049,guyana
5050,guys
5051,guysfor
5052,guysi
5053,guyssee
5054,guys💗
5055,guys😍😍😍
5056,guyyyys
5057,gvn
5058,h
5059,ha
5060,habitrails
5061,habitually
5062,hacked
5063,hacks
5064,had
5065,hadnt
5066,hah
5067,haha
5068,hahah
5069,hahaha
5070,hahahah
5071,hahahaha
5072,hahahahaha
5073,hahayeah
5074,hahnot
5075,hail
5076,hair
5077,haiti
5078,half
5079,halfthought
5080,halfway
5081,hall
5082,hammer
5083,hamsters
5084,hand
5085,handbag
5086,handed
5087,handedly
5088,handicap
5089,handicapped
5090,handily
5091,handing
5092,handle
5093,handled
5094,handler
5095,handlers
5096,handles
5097,handling
5098,handoff
5099,hands
5100,handshake
5101,handy
5102,hang
5103,hangar
5104,hanged
5105,hanger
5106,hanging
5107,hangs
5108,hangup
5109,haning
5110,hannah
5111,hanneslohmann
5112,happen
5113,happend
5114,happened
5115,happenedwhat
5116,happening
5117,happens
5118,happier
5119,happily
5120,happiness
5121,happy
5122,happybirthday
5123,happycamper
5124,happycustomer
5125,happyflier
5126,happyflight
5127,happyfriday
5128,happytohelp
5129,happytweet
5130,harass
5131,harbor
5132,hard
5133,hardcase
5134,hardearned
5135,harder
5136,hardest
5137,hardly
5138,hardtodo
5139,hardworking
5140,harf
5141,harris
5142,harsh
5143,hartford
5144,has
5145,hashtag
5146,hasnt
5147,hasshe
5148,hassle
5149,hassles
5150,hasty
5151,hat
5152,hatch
5153,hate
5154,hated
5155,hateful
5156,hates
5157,hating
5158,hats
5159,haul
5160,haulba
5161,havana
5162,have
5163,havent
5164,havin
5165,having
5166,havoc
5167,hawaii
5168,hawaiian
5169,hawaiianair
5170,haydensteamboat
5171,hayes
5172,hayleymad
5173,hazard
5174,hd
5175,hdn
5176,hdsportsguy
5177,he
5178,head
5179,headache
5180,headaches
5181,headed
5182,headerelevateusernumofpointsavailable
5183,heading
5184,headlines
5185,headphone
5186,headphones
5187,headphonesbut
5188,heads
5189,healing
5190,health
5191,healthbenefitsofplants
5192,hear
5193,heard
5194,hearing
5195,heart
5196,heartbroken
5197,heartlanta
5198,heartless
5199,hearts
5200,heart💕destinationdragons
5201,heat
5202,heated
5203,heathrow
5204,heathrowairport
5205,heathrownewark
5206,heattrap
5207,heaven
5208,heavily
5209,heavy
5210,heck
5211,heckbooked
5212,hectic
5213,heel
5214,heels
5215,hegshmeg
5216,heh
5217,heidimacey
5218,height
5219,heinekenusacorp
5220,helacohlc
5221,held
5222,helene
5223,hell
5224,hella
5225,heller
5226,hello
5227,helloare
5228,hellobrittney
5229,hellomy
5230,help
5231,helpbeen
5232,helpcomplaint
5233,helpdo
5234,helped
5235,helped🆘🆘🆘🆘🆘🆘🆘🆘🆘🆘🆘🆘🆘🆘
5236,helper
5237,helpfaith
5238,helpful
5239,helpfulim
5240,helpfulness
5241,helpgot
5242,helpimstuck
5243,helpinfo
5244,helping
5245,helpless
5246,helplindsey
5247,helpline
5248,helpmeplease
5249,helpphone
5250,helppls
5251,helps
5252,helpthanks
5253,helpunitedsucks
5254,helpva
5255,help😍
5256,helsinkiairport
5257,hemisphere
5258,hemispheres
5259,hemispheresmag
5260,hemophilia
5261,hence
5262,hep
5263,hepl
5264,her
5265,herb
5266,herba
5267,herbal
5268,herded
5269,here
5270,heres
5271,heretiredcustomer
5272,herewhen
5273,herman
5274,herndon
5275,hero
5276,heroes
5277,herself
5278,hes
5279,hesitant
5280,hey
5281,heymynameissean
5282,heyo
5283,heyyyy
5284,hfjkto
5285,hgeronemus
5286,hhagerty
5287,hi
5288,hiccups
5289,hid
5290,hidden
5291,hide
5292,higgs
5293,high
5294,highbuddyyy
5295,higher
5296,higherandhigher
5297,highest
5298,highhopes
5299,highlight
5300,highly
5301,highway
5302,hii
5303,hike
5304,hilarious
5305,hill
5306,hillaconlin
5307,hilo
5308,hilton
5309,hiltonworldwide
5310,him
5311,hime
5312,himself
5313,himy
5314,hindered
5315,hint
5316,hinted
5317,hints
5318,hip
5319,hipster
5320,hipunis
5321,hirasmusbidragi
5322,hire
5323,hired
5324,hiremorepeople
5325,hiremorepoeple
5326,hiring
5327,his
5328,historical
5329,historically
5330,history
5331,hit
5332,hitawall
5333,hitch
5334,hits
5335,hitting
5336,hizouse
5337,hkg
5338,hlp
5339,hm
5340,hmm
5341,hmmm
5342,hmmmseems
5343,hn
5344,hnl
5345,ho
5346,hof
5347,hogs
5348,hold
5349,holdcan
5350,holder
5351,holders
5352,holdguess
5353,holding
5354,holdon
5355,holdover
5356,holds
5357,holdtime
5358,holdup
5359,hole
5360,holiday
5361,holidays
5362,holla
5363,holler
5364,hollow
5365,hollymais
5366,hollywood
5367,holton
5368,holy
5369,holz
5370,home
5371,homeandreadyfornexttrip
5372,homefamily
5373,homegirl
5374,homeintentional
5375,homeless
5376,homeschool
5377,hometown
5378,homeward
5379,homewardbound
5380,homosexual
5381,hon
5382,honalulu
5383,honest
5384,honestly
5385,honesty
5386,honey
5387,honeymoon
5388,honeymooni
5389,honolulu
5390,honor
5391,honorable
5392,honored
5393,honoring
5394,honors
5395,honour
5396,honululu
5397,hoo
5398,hood
5399,hoodlums
5400,hook
5401,hooked
5402,hooking
5403,hoom
5404,hooooo
5405,hoops
5406,hooray
5407,hoot
5408,hop
5409,hope
5410,hoped
5411,hopeful
5412,hopefully
5413,hopeidonotgetsick
5414,hopeless
5415,hopes
5416,hopethegearmakesitintact
5417,hopetogetanswersoon
5418,hopin
5419,hoping
5420,hopingpraying
5421,hopkins
5422,hopped
5423,hops
5424,horizon
5425,hormonal
5426,hormones
5427,horrendous
5428,horrible
5429,horribleattitudes
5430,horriblecustomerservice
5431,horribleservice
5432,horriblewent
5433,horribly
5434,horrid
5435,horrific
5436,horror
5437,horse
5438,hospice
5439,hospitality
5440,hospitals
5441,hostage
5442,hostel
5443,hostile
5444,hosting
5445,hot
5446,hotel
5447,hotelhows
5448,hotelliving
5449,hotels
5450,hotelstonight
5451,hotl
5452,hotlanta
5453,hotline
5454,hotspot
5455,hotter
5456,hotterandlongerthanhell
5457,hou
5458,hour
5459,hourandtenminutedelay
5460,hourconnected
5461,hourdelay
5462,hourflight
5463,hourhope
5464,hournever
5465,hournot
5466,hours
5467,hoursat
5468,hoursgot
5469,hoursi
5470,hourslove
5471,hoursplease
5472,hourswhat
5473,house
5474,house👋
5475,housing
5476,houston
5477,houstonbogota
5478,houstonbush
5479,houstonjust
5480,houstons
5481,hover
5482,how
5483,howabout
5484,howdy
5485,however
5486,howhardcanthatreallybe
5487,howisthatpossible
5488,hows
5489,howwhy
5490,hp
5491,hpn
5492,hr
5493,hrl
5494,hrs
5495,hrsthere
5496,hs
5497,hstg
5498,hsv
5499,hts
5500,httpstcoigkogywksr
5501,httpstcoiitojhuikh
5502,httpstcoktawbiuuro
5503,httpstcomavigetbbw
5504,httpstcooardjjgrrd
5505,httpstcozgoqoxjbqy
5506,httptcoahlxhhkiyn
5507,httptcoaoeaeszdlx
5508,httptcoaprzspxige
5509,httptcoaucsykfuhd
5510,httptcoaugjscmolu
5511,httptcoavbdstjujs
5512,httptcoavrtowtyzk
5513,httptcoawgjkjiiac
5514,httptcobayepzkmiz
5515,httptcobcwckwtnle
5516,httptcobeqotlnugc
5517,httptcobgtjfmneot
5518,httptcobnflhpxtmw
5519,httptcobuwjtvuwkm
5520,httptcobvfaxdubaq
5521,httptcoclvlhfguzw
5522,httptcocsddccmvbd
5523,httptcocxrzhcdtvz
5524,httptcocyoonzftdc
5525,httptcodajwzhlvyu
5526,httptcodndoepqukz
5527,httptcodnmsblzumr
5528,httptcodnstitrzwy
5529,httptcodocmvotwti
5530,httptcodphqrgkdoa
5531,httptcodsdebodmel
5532,httptcodtheyofxrb
5533,httptcodvsltqzkmq
5534,httptcodxicoyioxf
5535,httptcoeeqwvammiy
5536,httptcoegaejtrglb
5537,httptcoegkvfokogj
5538,httptcoeqepkkpsxm
5539,httptcoetfjqiwuvt
5540,httptcoewxwxidtfx
5541,httptcofbtemfwrsp
5542,httptcofefhpmfple
5543,httptcoffanixjhwh
5544,httptcofgrbpazsix
5545,httptcofjkvqmbmas
5546,httptcoflwmgdahxu
5547,httptcofraqdpkyga
5548,httptcofrghglmkqf
5549,httptcofttfyfmvco
5550,httptcofvyzjldton
5551,httptcogdzadxzbya
5552,httptcogkgkzlawpr
5553,httptcohepknpuzwu
5554,httptcohhoxqpsuba
5555,httptcohlzahxkdsn
5556,httptcohpsieaokwh
5557,httptcoifespcbztm
5558,httptcoigsvzvrbbn
5559,httptcoiidrblnoox
5560,httptcoiimtjxcvlg
5561,httptcoilqzmmjiyq
5562,httptcoimvmpnqxai
5563,httptcoirixaifjjx
5564,httptcoivgpzsjtkw
5565,httptcoiwoigrlhxb
5566,httptcoizfofgjzui
5567,httptcojjdosfyibm
5568,httptcojloiblnair
5569,httptcojtxyhqhfjj
5570,httptcokcqnwixucm
5571,httptcokcvubuyexc
5572,httptcokdzqczlpyr
5573,httptcokeyrpflhil
5574,httptcokfuyyokufv
5575,httptcokigfkvxxdq
5576,httptcokkedjnrtwo
5577,httptcoklxivnbcyh
5578,httptcoknuvuovhub
5579,httptcokvfwajvvid
5580,httptcolchvjolidg
5581,httptcolednocdqee
5582,httptcolenaowfyvu
5583,httptcolhwfbkfyni
5584,httptcoliqwoblfbt
5585,httptcolulgnweffh
5586,httptcolvirtdtqly
5587,httptcolwotkiekgu
5588,httptcolycarltfhl
5589,httptcolzfgutxiyn
5590,httptcomarcnocwzn
5591,httptcomeoalcipdd
5592,httptcomfmnkmvotrrt
5593,httptcomjkpgvxmpc
5594,httptcomkpognntyc
5595,httptcomrfbjtepef
5596,httptcomvyoizrpde
5597,httptcomynzitcovn
5598,httptconcguzdgdaq
5599,httptconcrmqibiwo
5600,httptconehnsdckty
5601,httptconkafbjyari
5602,httptconklozcntto
5603,httptconmbhngnmki
5604,httptconsjwvttjgo
5605,httptconuhplnxriq
5606,httptconustgpelsf
5607,httptconvlnglnmgn
5608,httptconxqijcojnj
5609,httptconzdxrvszwv
5610,httptcooilncfweyg
5611,httptcoowmaxoyehz
5612,httptcopgoeuxnspi
5613,httptcopgwukrpmox
5614,httptcopnbajfkmhg
5615,httptcopxexilsjbs
5616,httptcopyalebgkjt
5617,httptcoqavvlaxlkl
5618,httptcoqdebyahqfm
5619,httptcoqkkjdfobos
5620,httptcoqkquraggoo
5621,httptcoqranzimhtr
5622,httptcorklqxxawhc
5623,httptcorkprxtgvfl
5624,httptcorkvczbpdce
5625,httptcorqbpmwettq
5626,httptcoryxbplgmnk
5627,httptcoscqujbvsta
5628,httptcosgckbopata
5629,httptcosjqemdtqma
5630,httptcosjveelween
5631,httptcoskebqktxvx
5632,httptcoskkewqhssg
5633,httptcossbaujtouw
5634,httptcossuvwwkyhh
5635,httptcosxvagbrtli
5636,httptcotefhpuwmdj
5637,httptcotjdzamhpew
5638,httptcotkauygcpms
5639,httptcotkvcmhbpim
5640,httptcotlgoihqkvs
5641,httptcotmccexyaaq
5642,httptcotnkixxrxhb
5643,httptcotopqmvqnjp
5644,httptcotrqlpeinzw
5645,httptcottlwzgiyag
5646,httptcottxrsynlxr
5647,httptcotwetpxuppn
5648,httptcotynchoelac
5649,httptcotzzjhuibch
5650,httptcougfckermrw
5651,httptcouhumaskldv
5652,httptcoukdjjijrow
5653,httptcoupocmmulun
5654,httptcovahdekvoke
5655,httptcovbuxfpckfa
5656,httptcovdfdodqvgx
5657,httptcovgqoihtrkh
5658,httptcovhfjgneozo
5659,httptcovhgkitzsaw
5660,httptcovmquurzupw
5661,httptcovoxcghciji
5662,httptcovqmdmzafuj
5663,httptcovrqdpqepfw
5664,httptcovskxyamnom
5665,httptcovvzksmfkvw
5666,httptcowcsazzqpae
5667,httptcowezumdimyf
5668,httptcowgyztnjcxm
5669,httptcowhagpknnlf
5670,httptcowjiigztiwg
5671,httptcowrwqrublps
5672,httptcowsgyckciio
5673,httptcowxowzhpgfl
5674,httptcoxaspqdsqhe
5675,httptcoxatoxbnsfa
5676,httptcoxbkvcraokn
5677,httptcoxbqqqbrgvf
5678,httptcoxfwxsrwkha
5679,httptcoxgpaayfdwt
5680,httptcoxhsuupheze
5681,httptcoxijifymvqp
5682,httptcoxijyrpslzk
5683,httptcoxmaqcucwzl
5684,httptcoxvbjczlmda
5685,httptcoxxsaombdgs
5686,httptcoxzbajmiekx
5687,httptcoyiwlhqhzgp
5688,httptcoyokkhhqcmp
5689,httptcoypbkcirbxu
5690,httptcoypvpvdltys
5691,httptcozfroinpszi
5692,httptcozofwldqxbe
5693,httptcozsdgzydnde
5694,httptcozsuztnaijq
5695,httptcozvfmxnuelj
5696,hub
5697,hubby
5698,hubbys
5699,hubs
5700,huffpostbiz
5701,hug
5702,huge
5703,hugeeeee
5704,hugely
5705,hughes
5706,huh
5707,human
5708,humanity
5709,humans
5710,humiliated
5711,humiliating
5712,humor
5713,humour
5714,humphrey
5715,hundred
5716,hundreds
5717,hung
5718,hungary
5719,hungry
5720,hungupnohelp
5721,hunkydory
5722,hunt
5723,hunting
5724,huntsville
5725,hurricane
5726,hurry
5727,hurt
5728,hurting
5729,hurts
5730,hury
5731,husain
5732,husainhaqqani
5733,husband
5734,husbands
5735,huston
5736,hutchinsjim
5737,huxleyesque
5738,hv
5739,hve
5740,hyperlinked
5741,hypocrisy
5742,i
5743,iad
5744,iadore
5745,iadsat
5746,iah
5747,iahdfw
5748,iahhnl
5749,iahmnl
5750,iahwowjust
5751,iamtedking
5752,iata
5753,iatanbul
5754,iberia
5755,ice
5756,icecream
5757,iced
5758,iceday
5759,iceland
5760,icelandair
5761,ichangedyourdiaper
5762,icing
5763,icloud
5764,iconography
5765,icu
5766,icy
5767,icyflight
5768,id
5769,idaho
5770,idea
5771,ideal
5772,ideas
5773,ideasshe
5774,identical
5775,ideologias
5776,ideserveareward
5777,idiot
5778,idiotic
5779,idiots
5780,idk
5781,idlovetoask
5782,idols
5783,idonotcare
5784,idontwannalivewithoutyourlove
5785,idontwanttocallback
5786,ids
5787,if
5788,ifc
5789,ife
5790,ifeeldumb
5791,iflyalot
5792,iflyoakland
5793,igiveup
5794,ignorant
5795,ignore
5796,ignored
5797,ignores
5798,ignoring
5799,igotmonte
5800,iha
5801,ihatemergers
5802,ihop
5803,iiiii
5804,ijustwanttobeinboston
5805,ijustwanttosleep
5806,il
5807,ill
5808,illegal
5809,illiterate
5810,illness
5811,illogical
5812,ilm
5813,ilookyoung
5814,ilovejetblue
5815,ils
5816,im
5817,images
5818,imagine
5819,imagined
5820,imaginedragons
5821,imateacher
5822,imdetermined
5823,imessage
5824,imjustsaying
5825,imma
5826,immediate
5827,immediately
5828,immensely
5829,imo
5830,impact
5831,impacts
5832,impaired
5833,impatience
5834,impatient
5835,impediment
5836,impending
5837,impersonal
5838,impersonator
5839,implement
5840,impolite
5841,important
5842,importantflight
5843,impossible
5844,impossibly
5845,impress
5846,impressed
5847,impressedand
5848,impression
5849,impressions
5850,impressive
5851,improper
5852,improve
5853,improved
5854,improvement
5855,improvements
5856,improves
5857,improvetheprocess
5858,improving
5859,imtired
5860,in
5861,inability
5862,inaccessibility
5863,inaccurate
5864,inaccuratemisleading
5865,inactivity
5866,inadequate
5867,inampdidnt
5868,inappropriate
5869,inappropriately
5870,inbaggage
5871,inbound
5872,inbox
5873,inbrowser
5874,inc
5875,incapable
5876,incase
5877,incedentals
5878,incentive
5879,inch
5880,inchecking
5881,inches
5882,incident
5883,incidentally
5884,incidentals
5885,incidents
5886,incl
5887,inclement
5888,inclemental
5889,incls
5890,include
5891,included
5892,includes
5893,including
5894,inclusion
5895,income
5896,incoming
5897,incompetence
5898,incompetenceunderstaffing
5899,incompetency
5900,incompetent
5901,incompetentmanagers
5902,incompetentrude
5903,incomprehensible
5904,inconceivable
5905,inconsiderate
5906,inconsistent
5907,inconvenience
5908,inconvenienced
5909,inconveniences
5910,inconvenient
5911,inconveniently
5912,inconvience
5913,incorrect
5914,incorrectly
5915,increase
5916,increased
5917,increasing
5918,incredible
5919,incredibly
5920,increments
5921,incubator
5922,incur
5923,incurred
5924,incurring
5925,ind
5926,indeed
5927,indenial
5928,independence
5929,india
5930,indian
5931,indianapolis
5932,indicate
5933,indicated
5934,indicates
5935,indicating
5936,indication
5937,indignation
5938,individual
5939,induce
5940,industry
5941,indy
5942,inebriated
5943,inedible
5944,ineedabeer
5945,ineedcoffee
5946,inefficiency
5947,inefficient
5948,ineligible
5949,inept
5950,inevitable
5951,inexcusable
5952,inexpensive
5953,inexperienced
5954,infant
5955,infants
5956,infanttoddler
5957,inferior
5958,infinite
5959,infinity
5960,inflatable
5961,inflating
5962,inflation
5963,inflexible
5964,inflght
5965,inflight
5966,influx
5967,info
5968,infobag
5969,infographic
5970,inform
5971,information
5972,informationstill
5973,informative
5974,informed
5975,informing
5976,informs
5977,infovirginamericacom
5978,infrastructure
5979,infringement
5980,infuriated
5981,infuriating
5982,ing
5983,ingredients
5984,inhumane
5985,initial
5986,initiated
5987,initiative
5988,injured
5989,injuries
5990,injury
5991,inlaws
5992,inline
5993,inner
5994,innovacion
5995,innovation
5996,inop
5997,inoperable
5998,inout
5999,inperson
6000,inpolite
6001,input
6002,inputted
6003,inquire
6004,inquired
6005,inquiries
6006,inquiring
6007,inquiry
6008,ins
6009,insane
6010,insanehelp
6011,insanely
6012,insanity
6013,insensitive
6014,inserted
6015,inside
6016,insider
6017,insight
6018,insist
6019,insisted
6020,inspected
6021,inspiration
6022,inspired
6023,inspiring
6024,insta
6025,instagram
6026,installation
6027,installed
6028,installing
6029,instance
6030,instant
6031,instantly
6032,instead
6033,institutional
6034,instructed
6035,instructions
6036,instrument
6037,instruments
6038,insubstantial
6039,insufficient
6040,insulin
6041,insult
6042,insulted
6043,insulting
6044,insurance
6045,insure
6046,int
6047,intact
6048,integrate
6049,integrating
6050,integration
6051,integrity
6052,intel
6053,intelligence
6054,intelligent
6055,intend
6056,intended
6057,intent
6058,intention
6059,intentionally
6060,interaction
6061,interchangeably
6062,intercom
6063,intercontinental
6064,interest
6065,interested
6066,interesting
6067,interestingagent
6068,interferes
6069,interfering
6070,interim
6071,interior
6072,interiors
6073,intern
6074,internal
6075,internally
6076,international
6077,internationally
6078,internet
6079,internjohnradio
6080,interns
6081,internship
6082,internships
6083,interpreting
6084,interrogated
6085,interrupted
6086,interupt
6087,interview
6088,interviewed
6089,interviews
6090,intimate
6091,intl
6092,into
6093,intraeu
6094,intro
6095,intrusive
6096,intuit
6097,intuitlife
6098,inv
6099,invalid
6100,inventory
6101,invest
6102,investigate
6103,investigated
6104,investigatedmy
6105,investigation
6106,investment
6107,investors
6108,invitation
6109,invitational
6110,invite
6111,invited
6112,invoice
6113,invoices
6114,involuntarily
6115,involve
6116,involved
6117,iol
6118,ionlyflyblue
6119,ios
6120,iove
6121,iowa
6122,ipad
6123,ipaddont
6124,iphone
6125,ipodtouch
6126,iraiq
6127,irate
6128,ireland
6129,irene
6130,irina
6131,irmafromdallas
6132,irons
6133,irony
6134,irregularity
6135,irreplaceable
6136,irresponsible
6137,irritated
6138,irritating
6139,irrlcd
6140,irrops
6141,is
6142,isabelle
6143,isdelayed
6144,ishouldhavedriven
6145,isis
6146,isit
6147,isitsummeryet
6148,isitthegarykellyway
6149,island
6150,islandexpert
6151,islands
6152,isle
6153,isnt
6154,isolate
6155,isp
6156,israel
6157,issucks
6158,issue
6159,issuecould
6160,issued
6161,issuenot
6162,issues
6163,issuesmy
6164,issuesshe
6165,issuing
6166,istanbul
6167,istead
6168,isthisreal
6169,isthisyourfirsttry
6170,it
6171,italian
6172,italy
6173,itamericanairlines
6174,itboarding
6175,itd
6176,item
6177,items
6178,itenary
6179,itfits
6180,ithaca
6181,ithelpsabit
6182,ithica
6183,iti
6184,itin
6185,itineraries
6186,itinerary
6187,itineraryconfirmation
6188,itis
6189,itll
6190,ito
6191,itover
6192,itpretend
6193,itproblems
6194,itravelalot
6195,its
6196,itsaaronchriz
6197,itscold
6198,itscostingmeincome
6199,itself
6200,itslaloca
6201,itsthelittlethings
6202,itthen
6203,itthis
6204,itunesmusic
6205,itwasminttobe
6206,itwhy
6207,it😊
6208,iusedtoloveu
6209,iv
6210,ive
6211,ivebeen
6212,ivr
6213,iwantcoffee
6214,iwantmymoneyback
6215,iwas
6216,iwoulddoanythingforlove
6217,iy
6218,i❤usair
6219,j
6220,jac
6221,jack
6222,jackass
6223,jacked
6224,jacket
6225,jackkairys
6226,jackpot
6227,jackson
6228,jacksonville
6229,jaclax
6230,jacqueline
6231,jacquelyn
6232,jacquie
6233,jail
6234,jailbreak
6235,jaipur
6236,jal
6237,jam
6238,jamaica
6239,james
6240,jamesasworth
6241,jameswester
6242,jamie
6243,jammed
6244,jan
6245,jana
6246,jane
6247,janet
6248,janna
6249,jannasaurusrex
6250,january
6251,japan
6252,jaramillo
6253,jason
6254,jasonwhitely
6255,javascript
6256,jax
6257,jayfranceschi
6258,jaynegelman
6259,jayvig
6260,jb
6261,jbi
6262,jblu
6263,jburg
6264,jcolenc
6265,jdbwaffles
6266,jdhadp
6267,jealous
6268,jeanette
6269,jeanine
6270,jeans
6271,jedediah
6272,jedediahbila
6273,jeff
6274,jeffhofmann
6275,jeffsmisek
6276,jennifercascinogmailcom
6277,jenniferdawnpro
6278,jenniferwalshpr
6279,jennings
6280,jeokoo
6281,jeopardy
6282,jerk
6283,jerks
6284,jersey
6285,jessicajaymes
6286,jesus
6287,jet
6288,jetbae
6289,jetblue
6290,jetblueanyone
6291,jetblueblues
6292,jetbluebos
6293,jetbluebruins
6294,jetbluecheeps
6295,jetbluefail
6296,jetbluefame
6297,jetblueforever
6298,jetbluehatesbtv
6299,jetbluejfk
6300,jetbluemember
6301,jetbluemess
6302,jetbluerocks
6303,jetblues
6304,jetbluesofly
6305,jetbluesucks
6306,jetblue👌☺️
6307,jetbridge
6308,jetgreen
6309,jetred
6310,jets
6311,jetscrew
6312,jetsetter
6313,jetway
6314,jetways
6315,jetwaywhy
6316,jewel
6317,jezziegoldz
6318,jfk
6319,jfkeven
6320,jfkgtroc
6321,jfkgtsfo
6322,jfklas
6323,jfklax
6324,jfklhr
6325,jfkman
6326,jfknot
6327,jfksea
6328,jfksfo
6329,jfkyou
6330,jh
6331,jilted
6332,jim
6333,jimcramer
6334,jimdaytv
6335,jimmy
6336,jimtrotternfl
6337,jindalcmc
6338,jj
6339,jk
6340,jkf
6341,jlhalldc
6342,jln
6343,jmercadomma
6344,joanna
6345,joanne
6346,job
6347,jobfail
6348,jobs
6349,jobslose
6350,jockeying
6351,joe
6352,john
6353,johnnosta
6354,johns
6355,johnwayneair
6356,join
6357,joined
6358,joke
6359,jokeboston
6360,jokers
6361,jokerunning
6362,jokesonus
6363,joking
6364,jon
6365,joni
6366,joplin
6367,jorge
6368,jose
6369,josephtreis
6370,journal
6371,journalist
6372,journey
6373,joy
6374,joyadventuremom
6375,jp
6376,jparkermastin
6377,jperhi
6378,js
6379,jsom
6380,jsumiyasu
6381,jt
6382,jtrexsocial
6383,jua
6384,juan
6385,judas
6386,judeo
6387,juice
6388,julesdameron
6389,julian
6390,julie
6391,july
6392,jump
6393,jumped
6394,jumping
6395,junction
6396,june
6397,junkspam
6398,jurassic
6399,just
6400,justdippin
6401,justdoit
6402,justgetmehome
6403,justifiable
6404,justify
6405,justifythissupport
6406,justsayin
6407,justsaying
6408,justwantmybed
6409,justwrong
6410,justynmoro
6411,jvmchat
6412,jvstatus
6413,jwa
6414,k
6415,kailua
6416,kaneshow
6417,kangaroos
6418,kansas
6419,karaax
6420,karabuxthomps
6421,karajusto
6422,karen
6423,karinslee
6424,karma
6425,kat
6426,kate
6427,kathryn
6428,kathrynsotelo
6429,katie
6430,kats
6431,kauai
6432,kax
6433,kay
6434,kc
6435,kci
6436,kciairport
6437,kcthanks
6438,keambleam
6439,keep
6440,keeper
6441,keeping
6442,keepingtraditionsalive
6443,keepitclassy
6444,keepitmovin
6445,keepitup
6446,keepmy
6447,keeps
6448,keepusguessing
6449,keithlaw
6450,kelly
6451,kelsey
6452,kentuckymbb
6453,kept
6454,kerry
6455,ketr
6456,kevin
6457,kevinswan
6458,kevolt
6459,kewl
6460,key
6461,kick
6462,kicked
6463,kickin
6464,kicking
6465,kid
6466,kidding
6467,kidnapped
6468,kids
6469,kieranmahan
6470,kill
6471,killed
6472,killeen
6473,killin
6474,killing
6475,kim
6476,kin
6477,kind
6478,kinda
6479,kinder
6480,kindle
6481,kindly
6482,kindness
6483,king
6484,kingscollegelondon
6485,kiosk
6486,kiosks
6487,kiosksbag
6488,kirkwoodtiger
6489,kisses
6490,kit
6491,kitchen
6492,kits
6493,kitties
6494,kitty
6495,kkwhb
6496,kleankanteen
6497,kleinerin
6498,kmdw
6499,kms
6500,kn
6501,knack
6502,knees
6503,knew
6504,knock
6505,know
6506,knowexpect
6507,knowhockey
6508,knowing
6509,knowledge
6510,knowledgeprovide
6511,known
6512,knownot
6513,knows
6514,knoxville
6515,koalax
6516,koalaxphlord
6517,koalaxphxord
6518,kooples
6519,korea
6520,kosher
6521,kp
6522,kphl
6523,kravitz
6524,krescate
6525,kristicapel
6526,kristiesp
6527,kristy
6528,ksml
6529,kta
6530,kthxbai
6531,ktm
6532,ktn
6533,kuala
6534,kudos
6535,kul
6536,kung
6537,kurt
6538,ky
6539,kybilc
6540,kylecomer
6541,kylejudah
6542,kys
6543,l
6544,la
6545,labeled
6546,labor
6547,labrador
6548,labyrinth
6549,lack
6550,lacked
6551,lacking
6552,lacks
6553,lacma
6554,ladan
6555,ladies
6556,lady
6557,ladygaga
6558,ladyone
6559,ladys
6560,lag
6561,lagging
6562,lagos
6563,laguardia
6564,laguardiaair
6565,laguardiadal
6566,laish
6567,laissez
6568,lake
6569,lala
6570,lame
6571,lamp
6572,lampf
6573,lan
6574,land
6575,landed
6576,landedyou
6577,landing
6578,landings
6579,landonschott
6580,lands
6581,lane
6582,lanes
6583,language
6584,languages
6585,lap
6586,laps
6587,lapse
6588,laptop
6589,laptoplarge
6590,large
6591,larger
6592,largesize
6593,largest
6594,larry
6595,las
6596,lasairport
6597,lasalle
6598,lasden
6599,lasfllsju
6600,last
6601,lasted
6602,lastella
6603,lastflightofthenight
6604,lastflightwithyouever
6605,lastly
6606,lastnight
6607,lasttweetaboutthis
6608,late
6609,latimes
6610,latinamerican
6611,latrice
6612,latte
6613,latter
6614,lauderdale
6615,lauderdalebogotá
6616,laugh
6617,laughed
6618,laughedhard
6619,laughing
6620,laughter
6621,launched
6622,launder
6623,laundry
6624,laura
6625,lauren
6626,laurieameacham
6627,lavatory
6628,lavoratories
6629,law
6630,laws
6631,lawsuit
6632,lawyer
6633,lawyerup
6634,lax
6635,laxdub
6636,laxewr
6637,laxgtjfk
6638,laxgtsea
6639,laxiad
6640,laxjfk
6641,laxlas
6642,laxmad
6643,laxnyc
6644,laxnycarea
6645,laxogglax
6646,laxshe
6647,laxsna
6648,laxsyd
6649,laxwhen
6650,lay
6651,layout
6652,layover
6653,layovers
6654,lazy
6655,la😄flying
6656,lb
6657,lbairport
6658,lbb
6659,lbc
6660,lbs
6661,ld
6662,lea
6663,lead
6664,leader
6665,leadership
6666,leading
6667,leads
6668,league
6669,leah
6670,leak
6671,leakingwhats
6672,leanin
6673,learn
6674,learncustomerservice
6675,learned
6676,learning
6677,learnt
6678,lease
6679,least
6680,leastthebeverageswillbecold
6681,leather
6682,leatherseats
6683,leathery
6684,leave
6685,leaves
6686,leaving
6687,leavingtomm
6688,led
6689,leeannhealey
6690,leeds
6691,leeway
6692,left
6693,lefteven
6694,leg
6695,legacy
6696,legal
6697,legalizes
6698,legally
6699,legit
6700,legitimate
6701,legitimately
6702,legroom
6703,legs
6704,leighemery
6705,leinenkugels
6706,leisure
6707,lekvhg
6708,lemme
6709,lend
6710,length
6711,lengthy
6712,lenses
6713,leopoldsic
6714,lesliewolfson
6715,less
6716,lessand
6717,lessening
6718,lessme
6719,lesson
6720,let
6721,letdown
6722,letitgo
6723,lets
6724,letsgo
6725,letsgoalready
6726,letsgohome
6727,letsworktogether
6728,letter
6729,letters
6730,letterwent
6731,letting
6732,level
6733,levels
6734,leverage
6735,levi
6736,lex
6737,lexington
6738,lga
6739,lgabwi
6740,lgacleden
6741,lgafllpoor
6742,lgagtdal
6743,lgaiah
6744,lgaord
6745,lgasat
6746,lgb
6747,lgbtcan
6748,lh
6749,lhr
6750,lhrdfw
6751,lhriah
6752,lhrord
6753,liable
6754,liar
6755,liars
6756,liberty
6757,library
6758,license
6759,lick
6760,lie
6761,lied
6762,lieflat
6763,lies
6764,lieslieslies
6765,liesstill
6766,life
6767,lifeisgood
6768,lifeline
6769,lifeneedsfrosting
6770,lifes
6771,lifesaver
6772,lifestop
6773,lifethreatening
6774,lifetime
6775,lifevests
6776,lift
6777,liftin
6778,lifting
6779,light
6780,lightbulb
6781,lighting
6782,lightly
6783,lightning
6784,lights
6785,lightyears
6786,like
6787,likeagirl
6788,liked
6789,likelihood
6790,likely
6791,likes
6792,liking
6793,likingyoulessandless
6794,lil
6795,lile
6796,lilly
6797,lima
6798,limbo
6799,limit
6800,limited
6801,limits
6802,lin
6803,lindaswc
6804,lindsay
6805,lindsey
6806,line
6807,lined
6808,lineoh
6809,lines
6810,linesforever
6811,lineup
6812,lingo
6813,lining
6814,link
6815,linked
6816,linkemail
6817,linking
6818,links
6819,lip
6820,lipstick
6821,lisa
6822,lisapal
6823,list
6824,listed
6825,listen
6826,listened
6827,listening
6828,listens
6829,lister
6830,listing
6831,lists
6832,listsomeone
6833,lit
6834,lite
6835,literally
6836,litter
6837,little
6838,live
6839,liveatfirefly
6840,lived
6841,lively
6842,livepersonplease
6843,livery
6844,lives
6845,livethelegend
6846,livewelltraveled
6847,livid
6848,living
6849,liza
6850,lizaapproved
6851,lizautter
6852,ll
6853,lloyd
6854,lmao
6855,lmaooo
6856,lmaoooo
6857,lmfao
6858,lmfaooo
6859,lmfaooooo
6860,lmk
6861,lmuschel
6862,lnded
6863,lo
6864,loaaret
6865,load
6866,loaded
6867,loading
6868,loads
6869,loaned
6870,loaner
6871,loans
6872,lobstermac
6873,loc
6874,local
6875,localized
6876,locally
6877,locals
6878,locate
6879,located
6880,locating
6881,location
6882,locations
6883,locator
6884,lock
6885,locked
6886,loctjycqh
6887,lodge
6888,lodging
6889,lodgingfood
6890,loft
6891,lofty
6892,log
6893,logan
6894,loganairports
6895,loganex
6896,logged
6897,logging
6898,logic
6899,logical
6900,logically
6901,login
6902,logistically
6903,logistics
6904,logo
6905,logout
6906,logs
6907,lol
6908,lolol
6909,lololololol
6910,lolz
6911,london
6912,londonfashionweek
6913,lone
6914,loner
6915,lonflight
6916,long
6917,longbeachairport
6918,longbeachcity
6919,longday
6920,longer
6921,longing
6922,longstanding
6923,longterm
6924,long😒
6925,look
6926,looked
6927,lookforwardtoflywithaa
6928,lookin
6929,looking
6930,looks
6931,looong
6932,loooooong
6933,loop
6934,looped
6935,loose
6936,loosing
6937,lopezlaymari
6938,lord
6939,los
6940,lose
6941,loser
6942,losers
6943,loses
6944,losing
6945,loss
6946,lost
6947,lostacustomer
6948,lostandforgotten
6949,lostbags
6950,lostfound
6951,lostinlove
6952,lostluggage
6953,lostmybusiness
6954,lostrevenue
6955,loststolen
6956,lostsuitcase
6957,lostyou
6958,lot
6959,lotbut
6960,lots
6961,lotttttttt
6962,lou
6963,loud
6964,louder
6965,loudly
6966,loudspeaker
6967,louis
6968,louisville
6969,lounge
6970,lounges
6971,lounge😂
6972,lousy
6973,love
6974,loved
6975,lovedflyingwiththem
6976,lovedoll
6977,lovedragonss
6978,loveeee
6979,lovegratitudempower
6980,loveisintheair
6981,lovejetblue
6982,loveloughneagh
6983,loveluv
6984,lovely
6985,loves
6986,lovesongfriday
6987,lovesouthwest
6988,lovesouthwestair
6989,lovetotravel
6990,loving
6991,low
6992,lowdown
6993,lower
6994,lowercase
6995,lowered
6996,loweredexpectations
6997,lowest
6998,lowstandards
6999,loyal
7000,loyalmosaicmember
7001,loyalrrmember
7002,loyalty
7003,lpalumbo
7004,lpdstock
7005,lsuquinlanduhon
7006,lsusoftball
7007,lt
7008,lta
7009,ltaljx
7010,ltltltltlt
7011,ltltltltltlt
7012,ltltnow
7013,ltr
7014,lubbock
7015,lucas
7016,lucia
7017,luck
7018,luckily
7019,lucky
7020,lucycat
7021,lucymay
7022,lufthansa
7023,luggage
7024,luggagecancelled
7025,luggagegate
7026,luggages
7027,luggagethen
7028,lugging
7029,lukewyckoff
7030,lumpur
7031,lunch
7032,lunchtime
7033,lung
7034,lungs
7035,lusaka
7036,luv
7037,luvagent
7038,luved
7039,luvforsw
7040,luvin
7041,luvintheair
7042,luvisbetter
7043,luvits
7044,luvsw
7045,luvswa
7046,luvthem
7047,luxclark
7048,luxuries
7049,luxuriesaesthetics
7050,luxurious
7051,luxury
7052,luz
7053,lvdfw
7054,lve
7055,lying
7056,lynchburg
7057,lynn
7058,m
7059,maam
7060,maarten
7061,mac
7062,machine
7063,machines
7064,mad
7065,maddening
7066,maddieflood
7067,made
7068,madeit
7069,madhouse
7070,madness
7071,madnyc
7072,madrid
7073,maf
7074,mag
7075,magazine
7076,magic
7077,magical
7078,magically
7079,maiden
7080,mail
7081,mailbox
7082,mailing
7083,maimi
7084,maimi😭
7085,main
7086,maine
7087,mainline
7088,maint
7089,maintain
7090,maintained
7091,maintenance
7092,maintenece
7093,mait
7094,major
7095,majority
7096,make
7097,makechange
7098,makeitright
7099,makeovertimecustomerserviceplease
7100,makers
7101,makes
7102,makessense
7103,makestoomuchsense
7104,makeup
7105,making
7106,makingloveoutofnothingatall
7107,makingthingseasy
7108,malaysia
7109,malcome
7110,male
7111,malfunction
7112,malfunctioning
7113,malhoit
7114,malik
7115,mall
7116,mallowfairy
7117,malpensa
7118,maltese
7119,mammoth
7120,man
7121,manage
7122,managed
7123,management
7124,manager
7125,managers
7126,managing
7127,manana
7128,manbut
7129,manch
7130,manchester
7131,manchesterbwi
7132,mandarinjourney
7133,mandatory
7134,maneuver
7135,manifests
7136,manilla
7137,manned
7138,manner
7139,manners
7140,mans
7141,manually
7142,manuel
7143,manuelc
7144,manufactured
7145,many
7146,map
7147,maps
7148,marathon
7149,marccopely
7150,march
7151,marchand
7152,marciaveronicaa
7153,marcos
7154,marcus
7155,mardi
7156,mardigras
7157,margo
7158,maria
7159,marie
7160,marieharf
7161,marinadomine
7162,mario
7163,marisol
7164,mark
7165,marked
7166,market
7167,marketing
7168,markets
7169,marketwatch
7170,markie
7171,markiepost
7172,marks
7173,marriage
7174,married
7175,marriott
7176,marriottrewards
7177,marry
7178,marsh
7179,marsha
7180,marshaled
7181,marshall
7182,marthas
7183,martin
7184,marty
7185,martysg
7186,marvinatorsb
7187,marxsterbcow
7188,mary
7189,maryellagreen
7190,maryjo
7191,marys
7192,mashing
7193,mask
7194,mason
7195,mass
7196,massages
7197,massive
7198,massivefail
7199,mastercard
7200,masters
7201,match
7202,matchgot
7203,mates
7204,math
7205,matteboss
7206,matter
7207,matters
7208,mattersits
7209,matthewebel
7210,mattthomasnews
7211,mauererpower
7212,maui
7213,maverick
7214,max
7215,maxabrahms
7216,maximization
7217,may
7218,maybe
7219,maybeijustlost
7220,maybemange
7221,maysvillenyc
7222,mayweather
7223,mayweatherpacquiao
7224,mbas
7225,mbj
7226,mbr
7227,mc
7228,mccaren
7229,mccarran
7230,mcdonnell
7231,mce
7232,mcgraw
7233,mci
7234,mcigtdfw
7235,mckinnie
7236,mclarrensp
7237,mcmullen
7238,mco
7239,mcogtcmh
7240,mcogtdca
7241,mcogtiad
7242,mcogtjfk
7243,mcokeep
7244,md
7245,mdbeei
7246,mde
7247,mdtmy
7248,mdw
7249,mdwfll
7250,mdwgtmem
7251,mdwsan
7252,me
7253,meagan
7254,meal
7255,meals
7256,mean
7257,meaning
7258,meaningful
7259,meanit
7260,means
7261,meant
7262,meantime
7263,meanwhile
7264,measles
7265,measly
7266,measure
7267,measured
7268,measurements
7269,meat
7270,mebe
7271,mech
7272,mechanic
7273,mechanical
7274,mechanicalissue
7275,mechanics
7276,med
7277,medal
7278,medallion
7279,media
7280,medical
7281,medicalissue
7282,medically
7283,medication
7284,mediocre
7285,medium
7286,meds
7287,medusafridays
7288,meelan
7289,meerikangas
7290,meet
7291,meeting
7292,meetingoutraged😡😡
7293,meetings
7294,meetingsinterviews
7295,meetthefleet
7296,mega
7297,megentripodi
7298,meggersrocks
7299,megzezzo
7300,meh
7301,meit
7302,mejia
7303,mel
7304,melaniespring
7305,melbourne
7306,melinda
7307,melissa
7308,melissaafrancis
7309,mellani
7310,mellie
7311,melting
7312,mem
7313,member
7314,members
7315,membership
7316,member😒
7317,memgrizz
7318,memo
7319,memorial
7320,memories
7321,memorize
7322,memory
7323,memphis
7324,men
7325,menow
7326,ment
7327,mental
7328,mentality
7329,mention
7330,mentioned
7331,mentioning
7332,mentions
7333,menu
7334,menus
7335,mercy
7336,mere
7337,merge
7338,merged
7339,mergedbaggage
7340,merger
7341,mergerdisaster
7342,mergers
7343,merging
7344,meright
7345,meseems
7346,mess
7347,message
7348,messaged
7349,messages
7350,messaging
7351,messcng
7352,messed
7353,messes
7354,messing
7355,met
7356,metal
7357,metars
7358,methe
7359,methey
7360,method
7361,methods
7362,metro
7363,mewhat
7364,mex
7365,mexico
7366,me💁
7367,me😭😭😭
7368,mfps
7369,mga
7370,mgmt
7371,mgood
7372,mgr
7373,mht
7374,mhtforlife
7375,mhtt
7376,mi
7377,mia
7378,miacur
7379,miaewr
7380,mialga
7381,miami
7382,miamii
7383,miamiphl
7384,miamore
7385,miasfo
7386,miatoiah
7387,miboston
7388,michael
7389,michaelbcoleman
7390,michele
7391,michelle
7392,microsecond
7393,mid
7394,midb
7395,middle
7396,middleeast
7397,mideast
7398,midght
7399,midland
7400,midlandflight
7401,midnight
7402,midnite
7403,midoexhibition
7404,midterm
7405,midtravel
7406,midway
7407,midwaychicago
7408,might
7409,mighty
7410,miguel
7411,mike
7412,mikeabramson
7413,mikes
7414,milage
7415,milageplus
7416,milan
7417,mild
7418,mile
7419,mileage
7420,mileageplus
7421,mileagerun
7422,milehighselfieclub
7423,miler
7424,miles
7425,milesaaver
7426,milesneed
7427,milesstatus
7428,milesthank
7429,milesthe
7430,milestone
7431,miles😡
7432,military
7433,million
7434,millions
7435,milwaukee
7436,mimosa
7437,min
7438,mind
7439,mindset
7440,mine
7441,minefits
7442,minenow
7443,mines
7444,mini
7445,minimal
7446,minimum
7447,minneapolis
7448,minno
7449,minnow
7450,minor
7451,minors
7452,mins
7453,minsampput
7454,minsrescue
7455,minsthank
7456,mint
7457,mintalicious
7458,mintyfresh
7459,minute
7460,minutes
7461,minutesand
7462,minutesi
7463,minutessaid
7464,minutewere
7465,minwow
7466,miracle
7467,miracles
7468,miraculously
7469,miranda
7470,miriam
7471,mis
7472,misbehavior
7473,miscalculation
7474,miscnx
7475,miscommunicated
7476,misconnected
7477,miscounting
7478,miserable
7479,miserablemorning
7480,miserably
7481,misery
7482,misfortune
7483,misguided
7484,mishaps
7485,misinformation
7486,misjudging
7487,mislead
7488,misleading
7489,mismanagement
7490,misplace
7491,misplaced
7492,mispurchase
7493,misread
7494,miss
7495,missed
7496,missedconnection
7497,missedflight
7498,missedupgrades
7499,missedwork
7500,misses
7501,missin
7502,missing
7503,missingstollen
7504,missingtheoscars
7505,mission
7506,missmykids
7507,misspelled
7508,mistake
7509,mistakefurious
7510,mistaken
7511,mistakes
7512,mistreated
7513,mistreatment
7514,misunderstanding
7515,misunderstood
7516,mitchell
7517,mitchellairport
7518,mitchsunderland
7519,mite
7520,mites
7521,mix
7522,mixtapethough
7523,mk
7524,mke
7525,mkt
7526,mktg
7527,mkwlkr
7528,mligtden
7529,mllovelace
7530,mltple
7531,mmm
7532,mn
7533,moar
7534,mobay
7535,mobil
7536,mobile
7537,mobileboarding
7538,mobility
7539,mod
7540,model
7541,modelodenegocio
7542,moderate
7543,modifications
7544,modify
7545,moines
7546,mojave
7547,mold
7548,mom
7549,moment
7550,momentand
7551,moments
7552,momma
7553,mommas
7554,mommy
7555,moms
7556,momsgoodeats
7557,mon
7558,monday
7559,mondays
7560,monetary
7561,money
7562,moneyelsewhere
7563,moneynotspentonunited
7564,moneywhy
7565,monfr
7566,monica
7567,monika
7568,monitor
7569,monitoring
7570,monkey
7571,monopoly
7572,mons
7573,monsoon
7574,montana
7575,montego
7576,monterey
7577,montereyregionalairport
7578,month
7579,monthly
7580,months
7581,monthwill
7582,montreal
7583,montrose
7584,mood
7585,moodlight
7586,moodlighting
7587,moodlitmonday
7588,mooks
7589,moon
7590,moose
7591,mor
7592,more
7593,moreblacklist
7594,more👺
7595,morn
7596,morning
7597,morninghow
7598,morons
7599,mortified
7600,mos
7601,mosaic
7602,mosaiccant
7603,mosaicmecrazy
7604,mosiac
7605,mosiacfail
7606,most
7607,mostbut
7608,mostly
7609,mot
7610,motel
7611,mother
7612,motherinlaw
7613,motherpollock
7614,mothers
7615,motion
7616,motions
7617,motor
7618,motto
7619,mountains
7620,mouse
7621,mouth
7622,move
7623,moveaboutthecountry
7624,moved
7625,movement
7626,movements
7627,moves
7628,moveup
7629,movie
7630,movies
7631,moving
7632,mp
7633,mpagent
7634,mphx
7635,mpls
7636,mr
7637,mrandyep
7638,mrerickv
7639,mrjustyn
7640,mrn
7641,mrobinson
7642,mrrenevendez
7643,ms
7644,msbgu
7645,msg
7646,msgs
7647,msn
7648,msnbc
7649,msp
7650,msscottwg
7651,msy
7652,msydca
7653,mt
7654,mtg
7655,mtgs
7656,mths
7657,mtn
7658,mty
7659,muc
7660,much
7661,muchas
7662,muchneeded
7663,mugged
7664,muh
7665,multi
7666,multibillion
7667,multicity
7668,multimedia
7669,multimillion
7670,multinational
7671,multiple
7672,multipledooropeningandclosing
7673,multiplier
7674,multix
7675,mumbai
7676,mumbled
7677,mundane
7678,munich
7679,murdering
7680,murdock
7681,murphyjulie
7682,murraysawchuck
7683,muscles
7684,music
7685,musical
7686,musician
7687,musicians
7688,must
7689,mustve
7690,muzak
7691,mv
7692,mvmt
7693,mvp
7694,mwa
7695,mwangbickler
7696,mx
7697,mxpjfk
7698,my
7699,mybday
7700,myers
7701,mypompanobeach
7702,myrcltord
7703,myrtle
7704,myself
7705,myselfothers
7706,mysterious
7707,mysteriously
7708,mystery
7709,mytimeismoney
7710,myvxexperience
7711,n
7712,na
7713,nada
7714,nade
7715,naders
7716,naelah
7717,nah
7718,naiamiaa
7719,nail
7720,nailed
7721,nakedmeetings
7722,name
7723,named
7724,namemarried
7725,names
7726,namesdallas
7727,naming
7728,nanceebing
7729,nancy
7730,nanosmattering
7731,nantucket
7732,naomicooper
7733,nap
7734,napkins
7735,naples
7736,narayanan
7737,narita
7738,narrow
7739,narrower
7740,narrowly
7741,nas
7742,nasbwi
7743,nascar
7744,nasdaq
7745,nasdaqjblu
7746,nashinmypants
7747,nashville
7748,nashvilledenver
7749,nashvilleshould
7750,nassau
7751,nastiest
7752,nasty
7753,natca
7754,nathankillam
7755,national
7756,nationalairpor
7757,nationalized
7758,nations
7759,nationwide
7760,natl
7761,natprodexpo
7762,natt
7763,natural
7764,nature
7765,natures
7766,naval
7767,navigate
7768,navigating
7769,navimumbai
7770,navy
7771,nawww
7772,nba
7773,nbc
7774,nbd
7775,nbr
7776,nbsnewsr
7777,nc
7778,nd
7779,ne
7780,near
7781,nearby
7782,nearly
7783,necessary
7784,necessities
7785,necessity
7786,need
7787,needcoffee
7788,needed
7789,neededwhy
7790,needing
7791,needlessly
7792,needs
7793,needtobehonest
7794,needtocatchmynextflight
7795,needtogethome
7796,negative
7797,negativedegrees
7798,negatively
7799,neglect
7800,neglected
7801,negligence
7802,negligent
7803,negotiate
7804,negroni
7805,neighboring
7806,neighbors
7807,neither
7808,nelsjeff
7809,nelson
7810,nephew
7811,neptune
7812,neptunewaivethefee
7813,nerd
7814,nerdbird
7815,nerds
7816,nerves
7817,nervous
7818,net
7819,netherlands
7820,netneutrality
7821,network
7822,neuer
7823,neurosurgery
7824,nev
7825,neveind
7826,never
7827,neveragain
7828,neverchange
7829,neverfails
7830,neverflyaaagain
7831,neverflyunited
7832,neverflyusairways
7833,neverflyvirgin
7834,neverflyvirginforbusiness
7835,nevergettinghome
7836,neverontime
7837,nevertakeno
7838,nevertoldus
7839,neveryamind
7840,new
7841,newairplanes
7842,newamerican
7843,newamericanairline
7844,newamericanstinks
7845,newark
7846,newarkbrussels
7847,newarklets
7848,newarkliberty
7849,newarklondon
7850,newarktiredandwanttogohome
7851,newborns
7852,newburg
7853,newburgh
7854,newest
7855,newlifetimecustomer
7856,newly
7857,neworleans
7858,newplanesmell
7859,news
7860,newsflt
7861,newspaper
7862,newsvp
7863,newyork
7864,next
7865,nexttime
7866,nexttimeiwillflysouthwest
7867,nexus
7868,nftyconvention
7869,nght
7870,nh
7871,nhl
7872,nhlbruins
7873,nhlonnbcsports
7874,nice
7875,nicedismissive
7876,nicely
7877,nicer
7878,nicest
7879,nick
7880,nickeled
7881,nicole
7882,niece
7883,nigeria
7884,nigga
7885,niggaz
7886,night
7887,nightdeplaned
7888,nightlife
7889,nightmare
7890,nightmarish
7891,nights
7892,nightyour
7893,nikon
7894,ninadavuluri
7895,nine
7896,nines
7897,nippon
7898,nit
7899,nite
7900,nitenot
7901,nitrogen
7902,nix
7903,nixchangefees
7904,nj
7905,nl
7906,nlrphoto
7907,nm
7908,nmaryland
7909,nny
7910,no
7911,noaccountability
7912,noah
7913,noair
7914,noairport
7915,noanswer
7916,noapology
7917,nobackup
7918,nobaggagefees
7919,nobody
7920,noc
7921,nocareforcustomers
7922,nocharge
7923,nochill
7924,noclothesnoinfo
7925,nocoatcloset
7926,nocommunication
7927,nocompensation
7928,nocrew
7929,nocustomerservice
7930,nodrinks
7931,noexcuses
7932,noexcusesaccepted
7933,nofee
7934,nofilterneeded
7935,nofood
7936,nofun
7937,nofunatall
7938,nogate
7939,nogearnotraining
7940,nogood
7941,nohelp
7942,nohelponboard
7943,nohotel
7944,noise
7945,nojetblue
7946,nokidhungry
7947,nola
7948,nolaorlando
7949,nolo
7950,nolove
7951,noloveforsurfers
7952,noltnancy
7953,noluv
7954,nominated
7955,nomoaa
7956,nomoreaggravation
7957,nomorecheckedbags
7958,nomorevirgin
7959,non
7960,nondelayed
7961,none
7962,nonempty
7963,nonenglish
7964,noneother
7965,nonetheless
7966,nonewplanes
7967,nonexistent
7968,nonperformance
7969,nonprofit
7970,nonprofitcant
7971,nonprofits
7972,nonrefundable
7973,nonsense
7974,nonservice
7975,nonstop
7976,nonstops
7977,nonupgrade
7978,nonvegan
7979,nonweather
7980,noob
7981,noodles
7982,noon
7983,noone
7984,noooo
7985,nooooo
7986,noooooooooooooooooo
7987,noooooooooooooooooooooope
7988,nooption
7989,nope
7990,noplacelikehome
7991,nor
7992,norahm
7993,noreimbursement
7994,noreplyusairwaysmobilecom
7995,norfolk
7996,norm
7997,norma
7998,normal
7999,normally
8000,norris
8001,north
8002,northeast
8003,northern
8004,norush
8005,norway
8006,nose
8007,nosecuritylines
8008,nosedived
8009,noservice
8010,noshadetothedmv
8011,noshow
8012,nostalgic
8013,nosupport
8014,not
8015,notafanofyourmerger
8016,notahappycustomer
8017,notanymore
8018,notbabysitters
8019,notch
8020,notcool
8021,note
8022,noted
8023,notes
8024,notevenjv
8025,notfair
8026,notfriendly
8027,notgoodenough
8028,nothanks
8029,nothappy
8030,nothelpful
8031,nothin
8032,nothing
8033,nothingand
8034,nothinghoping
8035,nothings
8036,nothini
8037,notice
8038,noticed
8039,noticing
8040,notification
8041,notifications
8042,notified
8043,notify
8044,notifying
8045,notimpressed
8046,noting
8047,notion
8048,notmadeofmoney
8049,notmy
8050,notmyfault
8051,notnice
8052,notokay
8053,notourfaultyoudontuseyourgatesright
8054,notpghtimothy
8055,notreceive
8056,notsatisfied
8057,notsurprising
8058,nottrue
8059,notwheelsup
8060,nov
8061,novel
8062,november
8063,novemberdecember
8064,now
8065,nowarmclothes
8066,nowfrustrated
8067,nowhere
8068,nowhereland
8069,nowmightmismybrosgraduation
8070,noworse
8071,noworstairline
8072,nowsunshine
8073,nozzle
8074,nrt
8075,nt
8076,nthin
8077,ntrustopen
8078,nudgenudge
8079,nullified
8080,num
8081,number
8082,numbered
8083,numberphone
8084,numbers
8085,numberthe
8086,numerical
8087,numerous
8088,nutella
8089,nuts
8090,nutsaboutsouthwest
8091,nutsamp
8092,nvm
8093,nvr
8094,nw
8095,nwkgtsf
8096,nws
8097,nxt
8098,ny
8099,nyc
8100,nycas
8101,nycbuenos
8102,nycfeltthelove
8103,nycgtbos
8104,nycgtpdx
8105,nycgtpghwish
8106,nycjfk
8107,nyers
8108,nyfw
8109,nyjets
8110,nynjairports
8111,nyt
8112,nytimes
8113,nzherald
8114,o
8115,oaaret
8116,oahu
8117,oak
8118,oakgtmsy
8119,oakland
8120,oatmeal
8121,obama
8122,obey
8123,obj
8124,obnoxious
8125,obscene
8126,observation
8127,observe
8128,observer
8129,obsessed
8130,obsolete
8131,obtain
8132,obvious
8133,obviously
8134,oc
8135,occasion
8136,occasions
8137,occupied
8138,occupy
8139,occur
8140,occurred
8141,occurs
8142,ocean
8143,oct
8144,octavia
8145,octaviannightmare
8146,october
8147,odd
8148,odds
8149,of
8150,off
8151,offcalls
8152,offended
8153,offenders
8154,offensive
8155,offensively
8156,offer
8157,offered
8158,offering
8159,offeringat
8160,offers
8161,office
8162,officer
8163,offices
8164,official
8165,officially
8166,offline
8167,offload
8168,offloading
8169,offwish
8170,off😂😂😂
8171,often
8172,ogg
8173,oh
8174,ohand
8175,ohare
8176,ohboy
8177,ohead
8178,ohi
8179,ohing
8180,ohio
8181,ohioprobz
8182,ohk
8183,ohno
8184,oil
8185,ok
8186,okaaaaay
8187,okay
8188,okayd
8189,okayim
8190,okayyyy
8191,okc
8192,okcdirects
8193,okcprofessionals
8194,okcthunder
8195,okee
8196,oki
8197,okie
8198,okyou
8199,olavarria
8200,old
8201,older
8202,oldplanes
8203,oldpolicieswaybetter
8204,olds
8205,oldseatnocushion
8206,olives
8207,olympic
8208,oma
8209,omagtden
8210,omaha
8211,omg
8212,omgee
8213,omg😍😍
8214,on
8215,onafter
8216,onall
8217,onboad
8218,onboard
8219,onboardalerted
8220,onbrd
8221,oncall
8222,once
8223,ondemand
8224,one
8225,oneasy
8226,onechildfourbags
8227,onehouronhold
8228,onei
8229,onelove
8230,ones
8231,onestop
8232,oneway
8233,oneworld
8234,onfleek
8235,ongoing
8236,onhold
8237,onholdfordays
8238,onholdforever
8239,onholdwith
8240,onion
8241,online
8242,onlineapp
8243,onlineis
8244,onlinerep
8245,onlineuseless
8246,onlinewas
8247,only
8248,onlyblue
8249,onlyinamerica
8250,onlywaytofly
8251,onmultiple
8252,onplane
8253,ons
8254,ont
8255,ontario
8256,ontarmac
8257,ontime
8258,onto
8259,ooh
8260,ooookay
8261,oops
8262,oopsno
8263,op
8264,opal
8265,opaque
8266,open
8267,opened
8268,openin
8269,opening
8270,opens
8271,openskies
8272,operate
8273,operated
8274,operating
8275,operation
8276,operational
8277,operations
8278,operator
8279,operators
8280,opinion
8281,opinions
8282,opportunities
8283,opportunity
8284,opposed
8285,opposite
8286,oprah
8287,ops
8288,opsec
8289,opt
8290,optimistic
8291,optin
8292,option
8293,options
8294,optout
8295,or
8296,orange
8297,orangecounty
8298,orbitz
8299,ord
8300,orddca
8301,ordeal
8302,ordealsigh
8303,order
8304,ordered
8305,ordering
8306,ordewr
8307,ordgtcdg
8308,ordgtmsy
8309,ordlga
8310,ordlhr
8311,ordnoise
8312,ordnrt
8313,ordpvg
8314,ordseriously
8315,ordsfo
8316,ordwe
8317,ordywg
8318,oregon
8319,oreos
8320,orf
8321,org
8322,organization
8323,organizational
8324,organizations
8325,organized
8326,orig
8327,origami
8328,origin
8329,original
8330,originally
8331,originating
8332,origindestinationdates
8333,orl
8334,orlando
8335,orlandoridiculous
8336,orlandosentinel
8337,orleans
8338,orphan
8339,orphanage
8340,orthodoc
8341,os
8342,oscar
8343,oscarnight
8344,oscars
8345,oscarscountdown
8346,oscarworthy
8347,oscar😄💝💝💝
8348,other
8349,others
8350,otherwise
8351,othr
8352,otis
8353,ots
8354,ottawa
8355,ou
8356,ouch
8357,ought
8358,oui
8359,our
8360,ourguest
8361,ourprincess
8362,ours
8363,ourselves
8364,oust
8365,out
8366,outage
8367,outbound
8368,outbreak
8369,outcome
8370,outdated
8371,outdoor
8372,outfit
8373,outfitted
8374,outgetmeoutofhere
8375,outin
8376,outlets
8377,outline
8378,outlook
8379,outofbusiness
8380,outofdate
8381,outoftouchwithreality
8382,outpost
8383,outrage
8384,outrageous
8385,outright
8386,outside
8387,outsource
8388,outsourced
8389,outsourcing
8390,outstanding
8391,outta
8392,outtage
8393,outtoo
8394,outward
8395,out✈️📱
8396,out😢
8397,over
8398,overall
8399,overbk
8400,overbook
8401,overbooked
8402,overbookedgng
8403,overcarry
8404,overcharge
8405,overcharged
8406,overchargedampunderserved
8407,overcharging
8408,overchging
8409,overfilled
8410,overflight
8411,overflow
8412,overflowed
8413,overhaul
8414,overhead
8415,overheads
8416,overheard
8417,overheating
8418,overkill
8419,overloaded
8420,overloads
8421,overlooking
8422,overnight
8423,overpriced
8424,overreacting
8425,overseas
8426,overselling
8427,oversize
8428,oversized
8429,oversleeping
8430,oversold
8431,oversorry
8432,overtime
8433,overweight
8434,overwhelmed
8435,overwhelming
8436,overzealous
8437,oveur
8438,ow
8439,owe
8440,owed
8441,owen
8442,owes
8443,own
8444,owner
8445,ownerhelp
8446,ownership
8447,owning
8448,oxgen
8449,oy
8450,oyu
8451,ozs
8452,p
8453,pa
8454,pac
8455,pace
8456,pacific
8457,pacificbiznews
8458,pacify
8459,pack
8460,package
8461,packages
8462,packed
8463,packing
8464,packingayak
8465,pacquiao
8466,pact
8467,pad
8468,padresst
8469,pafe
8470,page
8471,paged
8472,pages
8473,paid
8474,paigeworthy
8475,pain
8476,painandsuffering
8477,painful
8478,painfully
8479,painless
8480,paint
8481,painted
8482,pair
8483,pairing
8484,pairings
8485,pairs
8486,pales
8487,palm
8488,pamgrout
8489,pamper
8490,panam
8491,panamerican
8492,panchojoe
8493,pandora
8494,pandoras
8495,pandu
8496,panic
8497,panicked
8498,pant
8499,pants
8500,panynj
8501,paper
8502,paperampsaid
8503,papers
8504,paperwork
8505,par
8506,parachuteguy
8507,paradise
8508,parameters
8509,paranoid
8510,parent
8511,parents
8512,parentsonboard
8513,parentthey
8514,parhetic
8515,paris
8516,parizad
8517,park
8518,parked
8519,parker
8520,parking
8521,parody
8522,parryaftab
8523,part
8524,partial
8525,participate
8526,particular
8527,particularly
8528,particulars
8529,partits
8530,partly
8531,partner
8532,partnered
8533,partnering
8534,partnerrewards
8535,partners
8536,partnership
8537,partnerships
8538,parts
8539,party
8540,pascucci
8541,paseengers
8542,pasengers
8543,paso
8544,pass
8545,passbook
8546,passed
8547,passenegers
8548,passenger
8549,passengerbillofrights
8550,passengers
8551,passengersarepeople
8552,passengersdont
8553,passengerslose
8554,passengersstranded
8555,passes
8556,passing
8557,passion
8558,passive
8559,passngr
8560,passport
8561,password
8562,past
8563,pasta
8564,paste
8565,pasting
8566,pastmypatienceexpirationdate
8567,pastor
8568,pat
8569,patches
8570,path
8571,pathetic
8572,patheticcx
8573,patience
8574,patienceiswearingthin
8575,patiencerunningout
8576,patient
8577,patiently
8578,patriarc
8579,patrichruben
8580,patricia
8581,patrick
8582,patron
8583,patronizing
8584,pats
8585,pattern
8586,patterns
8587,pattonoswalt
8588,pattonoswalts
8589,paul
8590,paulgordonbrown
8591,paulgordonbrowni
8592,paulo
8593,paws
8594,pax
8595,paxex
8596,pay
8597,paycheck
8598,payed
8599,paying
8600,payment
8601,payments
8602,paymytab
8603,paypal
8604,paypals
8605,pays
8606,payton
8607,pbampj
8608,pbi
8609,pbiboston
8610,pbijfk
8611,pbpinftworth
8612,pdquigley
8613,pdw
8614,pdx
8615,pe
8616,peace
8617,peak
8618,peanut
8619,peanuts
8620,peanutsandtoons
8621,peanutsnuts
8622,peanutsonaplatter
8623,peanuttreenut
8624,pearl
8625,peas
8626,peculiar
8627,pedophile
8628,pedro
8629,peeled
8630,peeps
8631,peer
8632,peeved
8633,peggy
8634,pek
8635,pen
8636,penalized
8637,penalty
8638,pending
8639,penguin
8640,pennies
8641,pennypincher
8642,pens
8643,pensacola
8644,people
8645,peopleon
8646,peoples
8647,pepper
8648,pepperidge
8649,per
8650,percentage
8651,pereira
8652,perfect
8653,perfectly
8654,perfectomobile
8655,perform
8656,performance
8657,performing
8658,performs
8659,perhaps
8660,period
8661,periods
8662,periolodicly
8663,perk
8664,perks
8665,permanent
8666,permanently
8667,permission
8668,permissions
8669,persistence
8670,persisting
8671,person
8672,personable
8673,personal
8674,personality
8675,personalized
8676,personally
8677,personallyabout
8678,personnel
8679,perspective
8680,perth
8681,pesky
8682,pet
8683,peterpiatetsky
8684,peterstraubmma
8685,petition
8686,pets
8687,petty
8688,pgashow
8689,pgatour
8690,pgfryz
8691,pgh
8692,ph
8693,phantom
8694,phdmama
8695,phenomenal
8696,phew
8697,phf
8698,phi
8699,phil
8700,philacarservice
8701,philadelphia
8702,philippines
8703,phillip
8704,philly
8705,philpete
8706,phishing
8707,phl
8708,phlairport
8709,phlbos
8710,phlcrw
8711,phldfw
8712,phlmco
8713,phlmia
8714,phlord
8715,phlsfo
8716,phltolas
8717,phn
8718,pho
8719,phoenix
8720,phomia
8721,phone
8722,phonedied
8723,phoneeeee
8724,phonehung
8725,phoneinperson
8726,phonenot
8727,phoneonline
8728,phoneonly
8729,phoneridiculous
8730,phones
8731,photo
8732,photography
8733,photos
8734,phrase
8735,phrased
8736,phx
8737,phxfor
8738,phxgtdal
8739,phxgtord
8740,phxphl
8741,phxskyharbor
8742,physical
8743,physically
8744,pia
8745,pic
8746,pick
8747,picked
8748,picking
8749,pickng
8750,picks
8751,pics
8752,picture
8753,pictures
8754,pid
8755,pie
8756,piece
8757,pieces
8758,piela
8759,pig
8760,pigeon
8761,piggy
8762,pigs
8763,pile
8764,pillow
8765,pillows
8766,pilot
8767,pilots
8768,pilotsamp
8769,pilyoc
8770,pimentel
8771,pin
8772,ping
8773,pink
8774,pins
8775,pipes
8776,pir
8777,piss
8778,pissed
8779,pissedvery
8780,pissing
8781,pistol
8782,pit
8783,pita
8784,pitiad
8785,pits
8786,pitt
8787,pitts
8788,pittsburg
8789,pittsburgh
8790,pity
8791,pivotalcf
8792,pizza
8793,pjs
8794,place
8795,placed
8796,placedranked
8797,places
8798,placing
8799,plague
8800,plain
8801,plainly
8802,plains
8803,plan
8804,planb
8805,plane
8806,planebroken
8807,planefirstclass
8808,planehow
8809,planelooks
8810,planeno
8811,planepisspoor
8812,planes
8813,planesnot
8814,planeso
8815,planesplane
8816,planestrainsandautomobiles
8817,planet
8818,planets
8819,planewide
8820,plane😡
8821,planing
8822,planned
8823,plannedneverflyvirginforbusiness
8824,planner
8825,planning
8826,plans
8827,plants
8828,plastic
8829,plat
8830,plate
8831,platinum
8832,platinummember
8833,platinums
8834,platitudes
8835,platter
8836,play
8837,playa
8838,played
8839,player
8840,players
8841,playing
8842,playlist
8843,playsoon
8844,pleading
8845,pleads
8846,pleasant
8847,pleasantly
8848,please
8849,pleasecan
8850,pleasecomeback
8851,pleased
8852,pleaseeee
8853,pleaseeeeee
8854,pleasegod
8855,pleasehelp
8856,pleasehow
8857,pleasehurryup
8858,pleasemy
8859,pleasent
8860,please🙏🙏🙏
8861,please🙏🙏🙏✌️✌️✌️🙏🙏🙏
8862,please🙏🙏🙏🙏🙏🙏🙏🙏🙏🙏🙏🙏🙏🙏🙏🙏🙏🙏
8863,please🙏🙏🙏🙏🙏🙏🙏🙏🙏🙏🙏🙏🙏🙏🙏🙏🙏🙏🙏🙏🙏🙏🙏🙏🙏🙏🙏
8864,pleasure
8865,pleasurerelief
8866,plebes
8867,pleeeease
8868,pleeeeease
8869,pleeeeeeeease
8870,plenty
8871,plitt
8872,pln
8873,plot
8874,ploughs
8875,plow
8876,plowing
8877,plows
8878,pls
8879,plse
8880,plt
8881,plug
8882,plumber
8883,plundering
8884,plus
8885,plz
8886,pm
8887,pmcan
8888,pmwe
8889,pn
8890,pnr
8891,pns
8892,pnut
8893,poc
8894,pocket
8895,pockets
8896,podium
8897,point
8898,pointbut
8899,pointed
8900,pointer
8901,pointing
8902,pointless
8903,points
8904,pointsme
8905,pointsmileage
8906,pointy
8907,point🙌
8908,poisoning
8909,poker
8910,poles
8911,police
8912,policies
8913,policiescost
8914,policy
8915,policyfees
8916,polite
8917,politely
8918,pooch
8919,pooling
8920,poop
8921,poor
8922,poorcommunication
8923,poorcustomerservice
8924,poorcustumerservice
8925,poorest
8926,poorform
8927,poorly
8928,poorlyhandled
8929,poornoncommunication
8930,poorplanning
8931,poorservice
8932,pop
8933,popped
8934,popping
8935,pops
8936,popular
8937,populate
8938,pordes
8939,porn
8940,port
8941,portable
8942,portal
8943,portauprince
8944,portcolumbuscmh
8945,portfolio
8946,portion
8947,portland
8948,portlandjetport
8949,portrayed
8950,ports
8951,portsmouth
8952,pos
8953,position
8954,positionhow
8955,positions
8956,positive
8957,posmia
8958,possession
8959,possessions
8960,possiable
8961,possibilities
8962,possibility
8963,possible
8964,possibly
8965,post
8966,postcode
8967,posted
8968,posting
8969,postmasters
8970,postpone
8971,posts
8972,potable
8973,potatoes
8974,poteettj
8975,potential
8976,potentially
8977,potus
8978,poughkeepsie
8979,pound
8980,pounding
8981,pounds
8982,pouting
8983,powder
8984,power
8985,powered
8986,powers
8987,pp
8988,ppl
8989,pple
8990,pqd
8991,pqds
8992,pqm
8993,pqms
8994,pr
8995,practical
8996,practice
8997,practices
8998,praise
8999,praised
9000,praises
9001,prank
9002,pray
9003,prayerdisappointed
9004,praying
9005,praywinn
9006,prbound
9007,prchase
9008,prds
9009,pre
9010,preboard
9011,preboarding
9012,preboards
9013,prebook
9014,prebooked
9015,precheck
9016,prechk
9017,preciate
9018,preciation
9019,precious
9020,precioustime
9021,precipitation
9022,precludes
9023,predawn
9024,predict
9025,predictable
9026,predicted
9027,predictive
9028,preemptive
9029,preexisting
9030,pref
9031,prefer
9032,preferably
9033,preference
9034,preferences
9035,preferred
9036,prefference
9037,preflight
9038,pregame
9039,preggo
9040,pregnant
9041,pregnantwithtwins
9042,prem
9043,premgold
9044,premier
9045,premiere
9046,premiers
9047,premium
9048,preoccupied
9049,prepaid
9050,preparation
9051,preparations
9052,prepare
9053,prepared
9054,preparedhonestly
9055,preparedness
9056,prepares
9057,prepurchase
9058,prerecorded
9059,preregistration
9060,prerookie
9061,pres
9062,presceo
9063,prescreen
9064,preselect
9065,present
9066,presentation
9067,presented
9068,presenting
9069,president
9070,presidential
9071,press
9072,pressed
9073,pressure
9074,pressurecooker
9075,pressurization
9076,presumably
9077,pretend
9078,pretending
9079,pretsa
9080,pretty
9081,prettyplease
9082,pretzels
9083,prev
9084,prevent
9085,preventable
9086,preventative
9087,prevented
9088,preventing
9089,previous
9090,previously
9091,prfriendly
9092,pri
9093,price
9094,priced
9095,pricediscrimination
9096,priceless
9097,priceline
9098,prices
9099,pricewise
9100,pricey
9101,pricing
9102,pricy
9103,pride
9104,prime
9105,prince
9106,princess
9107,princesses
9108,princesshalf
9109,principle
9110,print
9111,printed
9112,printer
9113,printers
9114,prior
9115,priorities
9116,priorities🌟🌟
9117,prioritize
9118,priority
9119,priortried
9120,prison
9121,priv
9122,private
9123,privilege
9124,privileges
9125,prize
9126,prn
9127,pro
9128,proactive
9129,proactively
9130,prob
9131,probability
9132,probably
9133,probablynot
9134,problem
9135,problematic
9136,problemhad
9137,problemive
9138,problemjust
9139,problems
9140,problemsbtwthe
9141,problemsolvers
9142,problemss
9143,probls
9144,probs
9145,procedure
9146,procedures
9147,proceed
9148,proceeded
9149,process
9150,processed
9151,processes
9152,processing
9153,produce
9154,produced
9155,product
9156,productivity
9157,prof
9158,professional
9159,professionalism
9160,professionalnice
9161,professionals
9162,professor
9163,professors
9164,proficient
9165,profile
9166,profit
9167,profitability
9168,profitable
9169,profitbeforepeople
9170,profiting
9171,profits
9172,profsolutions
9173,program
9174,programhorrible
9175,programmers
9176,programming
9177,programs
9178,progress
9179,progressed
9180,prohibits
9181,project
9182,projects
9183,prolly
9184,prolonged
9185,prom
9186,promise
9187,promised
9188,promises
9189,promising
9190,promo
9191,promofly
9192,promos
9193,promotethatgirl
9194,promoting
9195,promotion
9196,promotions
9197,promotionscodes
9198,prompt
9199,prompted
9200,prompting
9201,promptly
9202,prompts
9203,pronounce
9204,proof
9205,proper
9206,properly
9207,property
9208,proportion
9209,proposal
9210,propositioned
9211,props
9212,pros
9213,prospective
9214,protect
9215,protected
9216,protection
9217,protest
9218,protocol
9219,protocols
9220,proud
9221,prove
9222,provide
9223,provided
9224,providence
9225,providenciales
9226,provider
9227,provides
9228,providing
9229,proving
9230,provo
9231,ps
9232,pseudovoucher
9233,psgrs
9234,psngrs
9235,psp
9236,pssgrs
9237,pssngrs
9238,pst
9239,psych
9240,psychological
9241,pt
9242,ptfo
9243,pto
9244,pts
9245,pty
9246,pu
9247,public
9248,publicity
9249,publicly
9250,published
9251,puerto
9252,puj
9253,pull
9254,pulldown
9255,pulled
9256,pullin
9257,pulling
9258,pulls
9259,pulse
9260,pummeled
9261,pump
9262,pumped
9263,pumping
9264,pumps
9265,punished
9266,punishedforflying
9267,punta
9268,puppy
9269,pura
9270,purchase
9271,purchased
9272,purchaseerrorinvalidloyaltymemberaccountstatus
9273,purchasing
9274,pure
9275,purely
9276,purifier
9277,purpose
9278,purse
9279,push
9280,pushback
9281,pushed
9282,pushing
9283,pushy
9284,put
9285,puts
9286,putting
9287,pv
9288,pvd
9289,pvdiad
9290,pvr
9291,pwm
9292,q
9293,qantas
9294,qd
9295,qqbmug
9296,qro
9297,qs
9298,qsvgru
9299,quadruples
9300,qualification
9301,qualified
9302,qualifies
9303,qualify
9304,quality
9305,quantas
9306,quarter
9307,que
9308,queries
9309,query
9310,question
9311,questionare
9312,questions
9313,queue
9314,queues
9315,queuing
9316,quiche
9317,quick
9318,quicker
9319,quickest
9320,quickie
9321,quickly
9322,quiet
9323,quietly
9324,quintana
9325,quirkiness
9326,quirky
9327,quit
9328,quite
9329,quito
9330,quitting
9331,quotations
9332,quote
9333,quoted
9334,quoting
9335,r
9336,rabbits
9337,race
9338,races
9339,rachel
9340,rachelle
9341,racist
9342,rack
9343,rad
9344,radio
9345,radioi
9346,radish
9347,raeann
9348,raft
9349,rag
9350,ragandisney
9351,rage
9352,railed
9353,rain
9354,rainsleet
9355,rainy
9356,raise
9357,raised
9358,raisegreat
9359,raising
9360,rajuchinthala
9361,raleigh
9362,ralph
9363,ramada
9364,ramp
9365,rampers
9366,ramps
9367,rams
9368,ran
9369,random
9370,randomactsofcorporategreed
9371,randomly
9372,rang
9373,range
9374,ranging
9375,ranked
9376,rant
9377,ranting
9378,rantyou
9379,rapid
9380,rapidly
9381,rapidrewards
9382,rapids
9383,raps
9384,rare
9385,rarely
9386,ratchet
9387,rate
9388,rated
9389,ratepolicy
9390,rates
9391,rather
9392,rating
9393,rats
9394,raving
9395,ravioli
9396,ray
9397,razor
9398,rcd
9399,rcmoficial
9400,rcvd
9401,rdu
9402,rdui
9403,rdureimburse
9404,re
9405,reaccommodation
9406,reach
9407,reachable
9408,reached
9409,reaches
9410,reaching
9411,reachingnewlows
9412,react
9413,reactions
9414,reactivate
9415,reactive
9416,read
9417,readded
9418,reader
9419,readers
9420,readily
9421,reading
9422,reads
9423,ready
9424,reagan
9425,reaganairport
9426,real
9427,realise
9428,realistic
9429,realistically
9430,reality
9431,realize
9432,realized
9433,realizing
9434,really
9435,reallytallchris
9436,reallythey
9437,reallyyou
9438,realtime
9439,reappeared
9440,rear
9441,rearrange
9442,reason
9443,reasonable
9444,reasonably
9445,reasons
9446,reassess
9447,reassign
9448,reassigned
9449,reativation
9450,rebecca
9451,reboard
9452,reboarded
9453,reboarding
9454,rebook
9455,rebooked
9456,rebookedarrived
9457,rebookplease
9458,rebooks
9459,reboot
9460,rebooting
9461,rebuilding
9462,rec
9463,recap
9464,reccewife
9465,recd
9466,receipt
9467,receipts
9468,receive
9469,received
9470,receives
9471,receiving
9472,recent
9473,recently
9474,recharging
9475,recheck
9476,rechecked
9477,recheduled
9478,recieved
9479,reciprocate
9480,reckless
9481,reclaim
9482,reclameaqui
9483,recline
9484,reclining
9485,recognition
9486,recognize
9487,recognized
9488,recommend
9489,recommendation
9490,recommended
9491,reconsider
9492,reconsidering
9493,record
9494,recorded
9495,recordi
9496,recording
9497,recordings
9498,records
9499,recouping
9500,recourse
9501,recover
9502,recovered
9503,recovering
9504,recovery
9505,recruiter
9506,recruiting
9507,rectified
9508,rectify
9509,recvd
9510,recycle
9511,red
9512,redcarpet
9513,reddit
9514,redeem
9515,redeemed
9516,redeeming
9517,redeempoints
9518,redemption
9519,redesign
9520,redeye
9521,redheaded
9522,redirect
9523,redirected
9524,redirects
9525,redo
9526,redreserve
9527,redsox
9528,reduce
9529,reduced
9530,reduction
9531,redwineisbetter
9532,reebok
9533,reebooked
9534,reeks
9535,reevaluate
9536,ref
9537,refer
9538,reference
9539,referencing
9540,referral
9541,referred
9542,referring
9543,refers
9544,reflect
9545,reflection
9546,reflight
9547,reform
9548,refrain
9549,refresh
9550,refreshed
9551,refresher
9552,refreshes
9553,refreshing
9554,refreshments
9555,refsd
9556,refuel
9557,refueled
9558,refueling
9559,refund
9560,refundable
9561,refunddm
9562,refunded
9563,refunding
9564,refundplease
9565,refundprocedurenottoopainful
9566,refunds
9567,refurbish
9568,refuse
9569,refused
9570,refuses
9571,refusing
9572,regains
9573,regard
9574,regarding
9575,regardless
9576,regards
9577,regina
9578,regional
9579,register
9580,registered
9581,registering
9582,registers
9583,registration
9584,regrading
9585,regret
9586,regretting
9587,regular
9588,regularly
9589,regulation
9590,regulations
9591,rehman
9592,reigning
9593,reimburse
9594,reimbursed
9595,reimbursement
9596,reinforcements
9597,reinstate
9598,reinstated
9599,reinstating
9600,reinterview
9601,reinvest
9602,reissue
9603,reissued
9604,reiterate
9605,rejected
9606,rejecting
9607,relate
9608,relations
9609,relationship
9610,relationships
9611,relative
9612,relatives
9613,relax
9614,relaxing
9615,relay
9616,relayed
9617,release
9618,released
9619,releasing
9620,relevant
9621,reliability
9622,reliable
9623,reliablefriendly
9624,relied
9625,relief
9626,relieved
9627,reload
9628,reluctant
9629,rely
9630,relying
9631,rem
9632,remain
9633,remained
9634,remaining
9635,remains
9636,remarks
9637,remedy
9638,remember
9639,remembered
9640,remembering
9641,remembers
9642,remind
9643,reminded
9644,reminder
9645,reminding
9646,reminds
9647,remorse
9648,remote
9649,remotely
9650,removal
9651,remove
9652,removed
9653,removes
9654,removing
9655,renewed
9656,renhotels
9657,reno
9658,renoairport
9659,rent
9660,rental
9661,rentals
9662,rented
9663,renting
9664,renttherunway
9665,reopen
9666,reopened
9667,reopens
9668,rep
9669,repaid
9670,repainted
9671,repair
9672,repaired
9673,repartee
9674,repeat
9675,repeatably
9676,repeated
9677,repeatedly
9678,repeating
9679,repexper
9680,replace
9681,replaced
9682,replacement
9683,replacing
9684,replicate
9685,replied
9686,replies
9687,reply
9688,replying
9689,replyingi
9690,replyour
9691,replys
9692,report
9693,reported
9694,reporter
9695,reports
9696,reposted
9697,reposting
9698,repping
9699,reprehensible
9700,represent
9701,representative
9702,representatives
9703,representing
9704,represents
9705,reproach
9706,reps
9707,republic
9708,republican
9709,repurchased
9710,reputation
9711,reqing
9712,reqs
9713,request
9714,requested
9715,requesting
9716,requests
9717,require
9718,required
9719,requirement
9720,requirements
9721,requires
9722,requiresshe
9723,requiring
9724,reread
9725,reroute
9726,rerouted
9727,rerouting
9728,res
9729,resch
9730,resched
9731,reschedule
9732,rescheduled
9733,reschedulemyflight
9734,reschedulereplane
9735,reschedules
9736,rescheduling
9737,rescue
9738,rescued
9739,research
9740,researching
9741,reseated
9742,resell
9743,resend
9744,resending
9745,resent
9746,reserv
9747,reservation
9748,reservationchange
9749,reservationexplain
9750,reservationhelpful
9751,reservations
9752,reservationwe
9753,reserve
9754,reserved
9755,reset
9756,residing
9757,resoled
9758,resolution
9759,resolutions
9760,resolve
9761,resolved
9762,resolving
9763,resort
9764,resorting
9765,resource
9766,resources
9767,resourcesratings
9768,respect
9769,respectful
9770,respects
9771,respond
9772,responded
9773,respondi
9774,responding
9775,respondingmy
9776,responds
9777,response
9778,responseall
9779,responsedisappointed
9780,responseplease
9781,responses
9782,responseservice
9783,responsesme
9784,responsetough
9785,response❤️
9786,responsibility
9787,responsibilityamp
9788,responsibilitytoo
9789,responsible
9790,responsive
9791,responsiveness
9792,responsivethoughts
9793,ressie
9794,rest
9795,restaff
9796,restating
9797,resting
9798,restless
9799,restore
9800,restored
9801,restr
9802,restriction
9803,restrictions
9804,restrm
9805,restroom
9806,restrooms
9807,restructured
9808,result
9809,resulted
9810,resulting
9811,results
9812,resume
9813,retailbagholder
9814,retailer
9815,retain
9816,retaining
9817,retains
9818,retards
9819,rethink
9820,rethinking
9821,reticketed
9822,retire
9823,retired
9824,retiring
9825,retook
9826,retracted
9827,retrain
9828,retribution
9829,retrieve
9830,retrieved
9831,retrn
9832,retroactively
9833,rett
9834,return
9835,returned
9836,returning
9837,returns
9838,retweet
9839,retweeted
9840,retweets
9841,reunion
9842,reunite
9843,reunited
9844,reuniting
9845,reupgrade
9846,reuse
9847,reuters
9848,reveal
9849,reveals
9850,revenue
9851,revers
9852,reverse
9853,reversed
9854,reverted
9855,revieving
9856,review
9857,reviewed
9858,reviewing
9859,revision
9860,revisiting
9861,revive
9862,revs
9863,revue
9864,reward
9865,rewards
9866,reweather
9867,rez
9868,rhonda
9869,ri
9870,ric
9871,rica
9872,ricardo
9873,rich
9874,richard
9875,rick
9876,ricky
9877,rico
9878,ricoh
9879,rid
9880,ride
9881,rides
9882,ridic
9883,ridicules
9884,ridiculous
9885,ridiculously
9886,ridiculousness
9887,ridiculousor
9888,riedel
9889,rifle
9890,right
9891,rights
9892,rigorous
9893,rikrik
9894,rim
9895,ring
9896,ringing
9897,ringling
9898,rings
9899,rio
9900,riot
9901,rip
9902,ripme
9903,ripoff
9904,ripoffquick
9905,ripoffs
9906,ripped
9907,ripping
9908,ripskymall
9909,rise
9910,rising
9911,risk
9912,rita
9913,ritacomo
9914,ritz
9915,rivals
9916,rivets
9917,rizzilient
9918,rldelahunty
9919,rly
9920,rn
9921,rncahill
9922,rnd
9923,rndtrp
9924,rno
9925,rnodfw
9926,rnp
9927,road
9928,roadmap
9929,roads
9930,roadtrip
9931,roadwarrior
9932,roanoke
9933,roasted
9934,roasted😖
9935,rob
9936,robbed
9937,robbedexplain
9938,robbing
9939,robbogart
9940,robcnyc
9941,robert
9942,robertdwyer
9943,roberto
9944,robin
9945,robinreda
9946,robocalls
9947,robot
9948,robotic
9949,robotweeting
9950,robprice
9951,robthecameraman
9952,robyn
9953,roc
9954,rocif
9955,rock
9956,rocked
9957,rockers
9958,rockies
9959,rocking
9960,rockingthetweets
9961,rockinwellness
9962,rocks
9963,rockstar
9964,rockstars
9965,rockys
9966,rock💯
9967,rock😎
9968,rodeo
9969,roger
9970,rolemodel
9971,roll
9972,rollaboard
9973,rolled
9974,rollerboards
9975,rollercoaster
9976,rollers
9977,rolling
9978,roo
9979,rookie
9980,room
9981,rooms
9982,roomsthat
9983,rosetta
9984,rotary
9985,rotten
9986,rough
9987,round
9988,roundtrip
9989,roundtrips
9990,route
9991,router
9992,routes
9993,routine
9994,routinely
9995,routing
9996,row
9997,rows
9998,roxydigital
9999,royal
10000,royally
10001,rozana
10002,rqstd
10003,rr
10004,rscheduling
10005,rsrv
10006,rsw
10007,rswwebsite
10008,rt
10009,rtb
10010,rtbgtiah
10011,rtjetblue
10012,rtn
10013,rtrn
10014,rtw
10015,ru
10016,rubbed
10017,rubber
10018,rubbish
10019,rubs
10020,rude
10021,rudely
10022,rudelyreturning
10023,rudeness
10024,rudeservice
10025,rudest
10026,rudestaff
10027,rude😢
10028,ruin
10029,ruined
10030,ruining
10031,ruiningmy
10032,ruins
10033,rule
10034,rules
10035,rulesshouldbend
10036,rum
10037,rumor
10038,rumors
10039,run
10040,runaround
10041,rundisney
10042,runners
10043,runnin
10044,running
10045,runningonthreehoursofsleep
10046,runs
10047,runway
10048,runways
10049,rush
10050,rushed
10051,russ
10052,russell
10053,russellswriting
10054,russelneiss
10055,russia
10056,ruth
10057,ruthslobodin
10058,rwg
10059,rwrd
10060,rx
10061,s
10062,sa
10063,sabe
10064,sabotaging
10065,sabre
10066,sac
10067,sacintlairport
10068,sacraig
10069,sacramento
10070,sad
10071,saddened
10072,saddening
10073,saddens
10074,sadly
10075,safari
10076,safe
10077,safealone
10078,safely
10079,safer
10080,safety
10081,safetyconcerns
10082,safetyfirst
10083,safetyservice
10084,saga
10085,sagerooski
10086,saharasams
10087,saianel
10088,said
10089,saidi
10090,sailed
10091,sailor
10092,saipan
10093,salad
10094,sale
10095,saleim
10096,sales
10097,salisbury
10098,sally
10099,salt
10100,salted
10101,salvaged
10102,sam
10103,samantha
10104,samartzis
10105,samchampion
10106,same
10107,sameday
10108,sampgs
10109,sample
10110,samsonite
10111,san
10112,sand
10113,sandiego
10114,sandra
10115,sandwich
10116,sandwiches
10117,sanfrancisco
10118,sang
10119,sanitized
10120,sanitizer
10121,sanity
10122,sansfo
10123,santa
10124,santo
10125,sao
10126,sapgtmia
10127,sapphire
10128,sarah
10129,sarahpompei
10130,sarahzou
10131,sarcasm
10132,sarcastic
10133,sarcastically
10134,sardine
10135,sarita
10136,sass
10137,sat
10138,satellite
10139,satesq
10140,satisfaction
10141,satisfactorily
10142,satisfactory
10143,satisfied
10144,satisfy
10145,sato
10146,saturday
10147,saturdays
10148,sauce
10149,sauna
10150,sauvignon
10151,sav
10152,savannah
10153,save
10154,saved
10155,saveface
10156,saver
10157,saves
10158,savethediagonals
10159,savethoseseats
10160,saveus
10161,saving
10162,savings
10163,saviour
10164,savr
10165,saw
10166,saxonandparole
10167,say
10168,sayas
10169,sayget
10170,sayin
10171,saying
10172,says
10173,saysorrychris
10174,sb
10175,sba
10176,sbn
10177,sby
10178,sc
10179,scale
10180,scalpel
10181,scam
10182,scan
10183,scandal
10184,scanned
10185,scare
10186,scareair
10187,scared
10188,scareways
10189,scarf
10190,scary
10191,scattered
10192,scavenger
10193,scenario
10194,scenarios
10195,scene
10196,scenes
10197,scent
10198,sch
10199,schd
10200,sche
10201,sched
10202,schedule
10203,schedulecontact
10204,scheduled
10205,schedules
10206,scheduling
10207,scheme
10208,scheming
10209,schiphol
10210,school
10211,schooler
10212,schoolgirl
10213,schools
10214,science
10215,sciencebehindtheexperience
10216,scl
10217,scolding
10218,scooby
10219,scoop
10220,scoot
10221,scope
10222,scotch
10223,scott
10224,scotthroth
10225,scramble
10226,scratching
10227,screakjmf
10228,scream
10229,screaming
10230,screen
10231,screencap
10232,screening
10233,screenings
10234,screens
10235,screensand
10236,screenshot
10237,screenslousy
10238,screw
10239,screwed
10240,screwing
10241,screws
10242,scroll
10243,scrum
10244,scumbag
10245,scvpools
10246,sd
10247,sdf
10248,sdfairport
10249,sdq
10250,sea
10251,seahou
10252,seam
10253,seams
10254,sean
10255,seanmfmadden
10256,seanvrose
10257,search
10258,searched
10259,searching
10260,season
10261,seasonal
10262,seat
10263,seatac
10264,seatarmrest
10265,seatback
10266,seatbelt
10267,seated
10268,seating
10269,seatmate
10270,seatout
10271,seats
10272,seatstray
10273,seattle
10274,seattlebound
10275,seau
10276,sea✈️bos
10277,sec
10278,second
10279,secondary
10280,secondly
10281,seconds
10282,secret
10283,secrets
10284,secs
10285,section
10286,sections
10287,sectionturn
10288,sector
10289,secure
10290,secured
10291,securing
10292,security
10293,sedholm
10294,seductive
10295,see
10296,seeampeter
10297,seeing
10298,seek
10299,seeking
10300,seeks
10301,seem
10302,seemed
10303,seemless
10304,seems
10305,seen
10306,sees
10307,seet
10308,seetonight
10309,seevery
10310,seg
10311,segment
10312,segments
10313,segs
10314,seguinej
10315,segway
10316,select
10317,selected
10318,selected👎
10319,selecting
10320,selection
10321,selectionchange
10322,selections
10323,selects
10324,self
10325,selfcheck
10326,selfie
10327,selfies
10328,selfinterest
10329,selfservice
10330,selfupgraded
10331,sell
10332,selling
10333,sellmypointssoon
10334,sellout
10335,selves
10336,semantics
10337,semester
10338,send
10339,sendambien
10340,sending
10341,sendingposting
10342,sends
10343,senior
10344,sense
10345,senseless
10346,senses
10347,sensitive
10348,sent
10349,sentierimelinda
10350,sentiment
10351,sentimental
10352,sentinel
10353,sep
10354,separate
10355,separated
10356,separately
10357,separating
10358,sept
10359,september
10360,ser
10361,serenitynow
10362,series
10363,serious
10364,seriously
10365,seriousness
10366,serv
10367,serve
10368,served
10369,servers
10370,serves
10371,service
10372,servicecare
10373,serviced
10374,servicedog
10375,servicefail
10376,servicehaving
10377,servicelooks
10378,servicemost
10379,serviceopen
10380,services
10381,servicessomething
10382,service✌️
10383,service🐩
10384,servicing
10385,serving
10386,session
10387,sests
10388,set
10389,setorii
10390,sets
10391,setting
10392,settle
10393,settled
10394,setup
10395,sev
10396,seven
10397,several
10398,severally
10399,severe
10400,severely
10401,sex
10402,sexual
10403,sexually
10404,sexy
10405,sf
10406,sfo
10407,sfodfw
10408,sfoewr
10409,sfofll
10410,sfogtaus
10411,sfogtbos
10412,sfogtsna
10413,sfogtyyz
10414,sfojfk
10415,sfolax
10416,sfolaxsalclo
10417,sfonew
10418,sfoord
10419,sfopdx
10420,sfosea
10421,sfotobos
10422,sfoyyj
10423,sgf
10424,sh
10425,shade
10426,shades
10427,shadier
10428,shady
10429,shafted
10430,shaker
10431,shaking
10432,shaky
10433,shall
10434,sham
10435,shambles
10436,shame
10437,shameful
10438,shameonyou
10439,shampoo
10440,shanese
10441,shanghai
10442,shannon
10443,shannonbloom
10444,shannonwoodward
10445,shaquille
10446,share
10447,shared
10448,shares
10449,sharing
10450,sharktank
10451,sharon
10452,sharp
10453,shattered
10454,shavon
10455,shawn
10456,she
10457,shed
10458,sheer
10459,sheesh
10460,sheila
10461,shelf
10462,shelleyandmarcrock
10463,shenanigans
10464,sherocks
10465,shes
10466,shesaidrun
10467,shhhh
10468,shift
10469,shifts
10470,shin
10471,shined
10472,ship
10473,shipped
10474,shipping
10475,shirt
10476,shirts
10477,shit
10478,shits
10479,shitshow
10480,shitting
10481,shitty
10482,shittydeal
10483,shivadelrahim
10484,shiver
10485,shiz
10486,shld
10487,shock
10488,shocked
10489,shocker
10490,shocking
10491,shoddy
10492,shoe
10493,shoes
10494,shopping
10495,short
10496,shortage
10497,shortcomings
10498,shortcuts
10499,shortly
10500,shortlycb
10501,shortlyrs
10502,shortlysouthwestair
10503,shorts
10504,shortshorts
10505,shortstaffed
10506,shot
10507,shots
10508,shotwest
10509,should
10510,shoulda
10511,shoulder
10512,shoulders
10513,shouldhavedriven
10514,shouldhaveflowndelta
10515,shouldhaveflownjetblue
10516,shouldigetoutandpush
10517,shouldnt
10518,shouldve
10519,shouldwearmasks
10520,shout
10521,shoutout
10522,show
10523,showed
10524,showentered
10525,shower
10526,showexpert
10527,showing
10528,shown
10529,shows
10530,showsomerespect
10531,showup
10532,shrimp
10533,shrinerack
10534,shrug
10535,shrugging
10536,sht
10537,shucks
10538,shuffle
10539,shulemstern
10540,shut
10541,shutting
10542,shuttle
10543,shuttles
10544,shv
10545,siberia
10546,sibling
10547,siblings
10548,sick
10549,sickcrew
10550,side
10551,sided
10552,sides
10553,sidewhy
10554,sigh
10555,sighed
10556,sight
10557,sign
10558,signal
10559,signed
10560,significant
10561,significantly
10562,signin
10563,signing
10564,signon
10565,signs
10566,signup
10567,sil
10568,silence
10569,silicon
10570,sill
10571,silly
10572,silver
10573,silverairways
10574,silverstatus
10575,sime
10576,similar
10577,simonroesner
10578,simple
10579,simplify
10580,simply
10581,simultaneously
10582,since
10583,sincere
10584,sincerely
10585,sine
10586,sing
10587,singapore
10588,singer
10589,singing
10590,single
10591,sink
10592,sinuses
10593,siouxfalls
10594,sir
10595,sirius
10596,sis
10597,siss
10598,sister
10599,sisterampbrother
10600,sisters
10601,sit
10602,site
10603,siteapp
10604,sitecomplicated
10605,siteits
10606,sites
10607,siting
10608,sits
10609,sitters
10610,sittin
10611,sitting
10612,sittingontheplane
10613,sittingonthetarmac
10614,situation
10615,situationagain
10616,situations
10617,situationsyour
10618,sivi
10619,six
10620,size
10621,sized
10622,sizer
10623,sj
10624,sjc
10625,sjcgtlax
10626,sjo
10627,sjoiad
10628,sju
10629,skateboard
10630,skateboards
10631,sked
10632,ski
10633,skibootbag
10634,skies
10635,skift
10636,skiing
10637,skilled
10638,skillful
10639,skills
10640,skin
10641,skip
10642,skiplagged
10643,skippers
10644,skis
10645,sky
10646,skycap
10647,skycaps
10648,skymalls
10649,skypewell
10650,skys
10651,skyscanner
10652,skyteam
10653,skytrax
10654,skyw
10655,skywest
10656,slacksoftuk
10657,slammed
10658,slapintheface
10659,slash
10660,slaycancerwithdragons
10661,slc
10662,slcairport
10663,sld
10664,sledge
10665,sleekmoney
10666,sleep
10667,sleepbut
10668,sleeping
10669,sleepless
10670,sleepy
10671,sleet
10672,slept
10673,slew
10674,sliced
10675,slide
10676,slides
10677,slight
10678,slightly
10679,slime
10680,slip
10681,sliver
10682,slog
10683,slogan
10684,sloooooow
10685,sloooowresponses
10686,slopes
10687,sloppy
10688,slots
10689,slow
10690,slowdown
10691,slower
10692,slowest
10693,slowfi
10694,slowing
10695,slowly
10696,slowness
10697,sm
10698,sma
10699,small
10700,smaller
10701,smallerthinner
10702,smallest
10703,smalls
10704,smart
10705,smarter
10706,smashed
10707,smell
10708,smelled
10709,smells
10710,smelly
10711,smf
10712,smh
10713,smile
10714,smiles
10715,smiling
10716,smisek
10717,smith
10718,smitten
10719,smm
10720,smoking
10721,smoooothest
10722,smooth
10723,smoothest
10724,smoothflight
10725,smoothie
10726,smoothly
10727,smoothoperation
10728,smoothtransition
10729,sms
10730,smth
10731,smugsmirk
10732,smusportmgt
10733,sna
10734,snack
10735,snacks
10736,snacksthank
10737,snacks😉
10738,snafu
10739,snag
10740,snagging
10741,snags
10742,snapchat
10743,snapped
10744,snaps
10745,sneaky
10746,snit
10747,snobby
10748,snoop
10749,snow
10750,snowballed
10751,snowbama
10752,snowboard
10753,snowbound
10754,snowfall
10755,snowforce
10756,snowice
10757,snowing
10758,snowstorm
10759,snowstorms
10760,snowwillnevermelt
10761,snowy
10762,snuck
10763,so
10764,soaked
10765,soaking
10766,sobbed
10767,sobbing
10768,sobewff
10769,soc
10770,social
10771,socialtantrum
10772,society
10773,socketyou
10774,soda
10775,sodone
10776,sofly
10777,soft
10778,software
10779,sohappy
10780,sol
10781,solar
10782,solate
10783,sold
10784,sole
10785,solid
10786,solo
10787,solution
10788,solutions
10789,solve
10790,solved
10791,solves
10792,solving
10793,sombrons
10794,some
10795,somebody
10796,somehow
10797,someone
10798,someoneawesome
10799,someones
10800,something
10801,somethingwhich
10802,sometime
10803,sometimes
10804,somewhat
10805,somewhere
10806,somthing
10807,son
10808,sondo
10809,song
10810,songs
10811,sons
10812,sonyasloanmd
10813,soon
10814,sooner
10815,sooo
10816,soooo
10817,sooooo
10818,soooooo
10819,sooooooo
10820,sop
10821,soreback
10822,sorry
10823,sorrynotsorry
10824,sort
10825,sorta
10826,sortawe
10827,sorted
10828,sorting
10829,sorude
10830,sos
10831,sosmart
10832,sotelo
10833,soul
10834,soulandinspiration
10835,souljacoy
10836,sound
10837,sounded
10838,sounding
10839,soundofmusic
10840,sounds
10841,sour
10842,soured
10843,sourhwest
10844,sous
10845,south
10846,southbendinwhere
10847,southern
10848,southwest
10849,southwestair
10850,southwestairgive
10851,southwestairlines
10852,southwestairs
10853,southwestairsouthwest
10854,southwestairswadiversity
10855,southwestairwasthere
10856,southwestfail
10857,southwestluv
10858,southwestluvsweeps
10859,southwestoliver
10860,southwestrally
10861,southwestrocks
10862,southwestsmoothie
10863,southwestsucks
10864,southwestverity
10865,southworst
10866,sox
10867,sozldj
10868,space
10869,spaced
10870,spaces
10871,spade
10872,spaghetti
10873,spagnuolo
10874,spain
10875,spam
10876,spamjunk
10877,span
10878,spanish
10879,spare
10880,sparkled
10881,speak
10882,speaking
10883,speaks
10884,spec
10885,special
10886,specialist
10887,specially
10888,specialolympics
10889,specials
10890,specific
10891,specifically
10892,specifics
10893,specified
10894,speciifc
10895,spectacular
10896,spectacularfed
10897,speechless
10898,speed
10899,speeds
10900,speedy
10901,spell
10902,spelled
10903,spelling
10904,spend
10905,spending
10906,spends
10907,spent
10908,spf
10909,spiced
10910,spilled
10911,spin
10912,spirit
10913,spiritairlines
10914,spiritairpr
10915,spirited
10916,spirits
10917,spite
10918,spk
10919,split
10920,splits
10921,splitting
10922,spoil
10923,spoiled
10924,spoke
10925,spoken
10926,sponsor
10927,sponsorship
10928,spontaneously
10929,spook
10930,sporadically
10931,sport
10932,sporting
10933,sports
10934,sportsbiz
10935,spot
10936,spotify
10937,spots
10938,spotting
10939,spotty
10940,sprawled
10941,spread
10942,spreading
10943,spreadtheword
10944,spring
10945,springs
10946,sprinkled
10947,sprint
10948,sprinted
10949,sprinting
10950,spruce
10951,spurs
10952,spvsr
10953,squared
10954,squarely
10955,squashed
10956,squawked
10957,squawking
10958,squeaks
10959,squished
10960,sr
10961,sre
10962,srq
10963,srsly
10964,srv
10965,srvc
10966,ssal
10967,st
10968,stable
10969,stacey
10970,stacy
10971,staduim
10972,staff
10973,staffamericanair
10974,staffcust
10975,staffed
10976,staffer
10977,staffers
10978,staffing
10979,stafford
10980,stage
10981,stagnant
10982,stahhppp
10983,stahp
10984,stains
10985,stairs
10986,stall
10987,stamp
10988,stand
10989,standard
10990,standards
10991,standby
10992,standbye
10993,standbylots
10994,standbys
10995,standing
10996,star
10997,staralliance
10998,starboard
10999,starbucks
11000,stare
11001,staring
11002,starryeyesdev
11003,stars
11004,start
11005,started
11006,starting
11007,startingbloc
11008,startled
11009,startling
11010,starts
11011,startups
11012,starving
11013,stat
11014,state
11015,stated
11016,statement
11017,states
11018,static
11019,staticy
11020,stating
11021,station
11022,stationary
11023,stations
11024,stats
11025,status
11026,statusand
11027,statusawaiting
11028,statusdelays
11029,statusmatch
11030,statusmatchpaidoff
11031,statuswill
11032,stay
11033,stayed
11034,staying
11035,stays
11036,stbernard
11037,stdby
11038,steal
11039,stealing
11040,steamboat
11041,steamed
11042,steaming
11043,steel
11044,steep
11045,steered
11046,steering
11047,stellar
11048,stellarservice
11049,step
11050,stephenrodrick
11051,stepitup
11052,stepped
11053,stepping
11054,steps
11055,stepup
11056,steve
11057,stevie
11058,steward
11059,stewardess
11060,stewardesses
11061,stewart
11062,sti
11063,stick
11064,sticker
11065,sticking
11066,stickingtodelta
11067,sticks
11068,stiiiil
11069,still
11070,stillbagless
11071,stillbut
11072,stilling
11073,stillmakingmepoorthough
11074,stillnobags
11075,stillnotonmyflight
11076,stillwaiting
11077,stingiest
11078,stingy
11079,stink
11080,stinks
11081,stl
11082,stlaus
11083,stlbos
11084,stlouis
11085,stmt
11086,stndby
11087,stock
11088,stocker
11089,stockhouse
11090,stocking
11091,stoked
11092,stole
11093,stolen
11094,stone
11095,stonewalled
11096,stood
11097,stop
11098,stopclaim
11099,stopover
11100,stopped
11101,stopping
11102,stops
11103,storage
11104,store
11105,stories
11106,storm
11107,storms
11108,story
11109,stow
11110,stowaway
11111,stpatricksfoundation
11112,straight
11113,straighten
11114,straightend
11115,straightened
11116,strand
11117,stranded
11118,strandedattheairport
11119,strandedinnashville
11120,strandednyc
11121,stranding
11122,strandusindenver
11123,strange
11124,stranger
11125,strangers
11126,strategy
11127,stray
11128,strayed
11129,straying
11130,stream
11131,streaming
11132,streamline
11133,street
11134,streets
11135,streetwise
11136,strength
11137,stress
11138,stressed
11139,stressful
11140,stressors
11141,stretch
11142,stretching
11143,strict
11144,strike
11145,strikes
11146,string
11147,strip
11148,strips
11149,strive
11150,strives
11151,stroller
11152,strollers
11153,strong
11154,strongly
11155,strtd
11156,structure
11157,structures
11158,struggle
11159,struggling
11160,struts
11161,stt
11162,stubborn
11163,stubbornly
11164,stuck
11165,stucked
11166,stuckinmemphis
11167,stuckintampa
11168,stuckintheloop
11169,stuckon
11170,stuckonaplane
11171,student
11172,students
11173,studying
11174,stuff
11175,stuffing
11176,stuffy
11177,stunned
11178,stunning
11179,stupid
11180,stupidity
11181,stupidly
11182,style
11183,stylesheets
11184,styling
11185,sub
11186,submit
11187,submits
11188,submitted
11189,submitting
11190,suboptimal
11191,suboption
11192,subpar
11193,subscribe
11194,subscription
11195,subsequent
11196,subsequently
11197,substandard
11198,substantial
11199,substitute
11200,substitutes
11201,subterfuge
11202,subtlety
11203,success
11204,successful
11205,such
11206,suck
11207,sucked
11208,sucking
11209,sucks
11210,sucksi
11211,sucksusairwayssucks
11212,suckwe
11213,sudden
11214,suddenintlcheckin
11215,suddenly
11216,sue
11217,suffer
11218,suffered
11219,suffering
11220,sufficiently
11221,sugafly
11222,sugar
11223,suggest
11224,suggested
11225,suggesting
11226,suggestion
11227,suggestions
11228,suggests
11229,suicide
11230,suit
11231,suitcase
11232,suitcases
11233,suite
11234,suites
11235,suits
11236,suitshirts
11237,sukhdeep
11238,summer
11239,summit
11240,sun
11241,sunburn
11242,sunday
11243,sundayfunday
11244,sundays
11245,sundown
11246,sunglasses
11247,sunkist
11248,sunny
11249,sunrise
11250,sunrises
11251,sunscreen
11252,sunset
11253,sunshine
11254,suntimes
11255,suntoshi
11256,super
11257,superb
11258,superben
11259,superfast
11260,superhero
11261,superior
11262,superiors
11263,superstars
11264,supervisor
11265,supervisors
11266,superyan
11267,supp
11268,supplies
11269,supply
11270,support
11271,supported
11272,supporter
11273,supporting
11274,suppose
11275,supposed
11276,supposedly
11277,suprise
11278,supv
11279,supvrs
11280,supvsr
11281,surat
11282,surcharge
11283,sure
11284,suree
11285,sureill
11286,surely
11287,sure👌
11288,surf
11289,surfboard
11290,surfboardbag
11291,surfer
11292,surgeries
11293,surgery
11294,surgeryhelp
11295,surliness
11296,surly
11297,surname
11298,surprise
11299,surprised
11300,surprises
11301,surprisingly
11302,surreal
11303,surrounding
11304,survey
11305,surveyemail
11306,surveying
11307,surveys
11308,survive
11309,susan
11310,suspect
11311,suspended
11312,suuperg
11313,suuuuper
11314,sux
11315,svc
11316,svcs
11317,svllindia
11318,svu
11319,sw
11320,swa
11321,swaculture
11322,swadiversity
11323,swag
11324,swagglikebean
11325,swair
11326,swallowed
11327,swamistake
11328,swamped
11329,swanky
11330,swap
11331,swapic
11332,swapped
11333,swapping
11334,swas
11335,sway
11336,swear
11337,sweat
11338,sweatshirt
11339,sweaty
11340,sweeps
11341,sweepstakes
11342,sweepstakesit
11343,sweet
11344,sweetheart
11345,sweethearts
11346,sweetingr
11347,sweetmel
11348,swell
11349,swfan
11350,swfollowed
11351,swift
11352,swimsuits
11353,swindle
11354,swing
11355,swipe
11356,swiss
11357,switch
11358,switched
11359,switching
11360,switchingboth
11361,swivel
11362,swooped
11363,swrr
11364,swu
11365,sw✈❗❤
11366,sxm
11367,sxmclt
11368,sxmgtjfk
11369,sxsw
11370,sxu
11371,syastem
11372,sydney
11373,sydneyairport
11374,sylvie
11375,sympathetic
11376,sympathize
11377,sympathy
11378,sync
11379,synch
11380,synergy
11381,synonymous
11382,syr
11383,syracuse
11384,sys
11385,syscon
11386,system
11387,systemic
11388,systems
11389,systemsyouareonyourown
11390,systemtransferred
11391,systemwide
11392,sytycd
11393,são
11394,t
11395,ta
11396,tab
11397,tabitha
11398,table
11399,tables
11400,tablet
11401,tablets
11402,tabs
11403,tacky
11404,tactic
11405,tactics
11406,tad
11407,tag
11408,tagged
11409,tagging
11410,tags
11411,tahiti
11412,tail
11413,tailfin
11414,tailfinthursday
11415,tails
11416,tailwind
11417,tailwinds
11418,taiwan
11419,take
11420,takemeback
11421,takemehome
11422,taken
11423,takeoff
11424,takeresponsibility
11425,takerswe
11426,takes
11427,taking
11428,takingthistothetop
11429,takr
11430,talent
11431,talents
11432,talk
11433,talked
11434,talking
11435,talks
11436,talktoahuman
11437,tallahassee
11438,taller
11439,tamara
11440,tammy
11441,tampa
11442,tan
11443,tandoori
11444,tank
11445,tanked
11446,tanpa
11447,tap
11448,taping
11449,tara
11450,target
11451,targeting
11452,tarmac
11453,tarmack
11454,tarmacthanks
11455,tarmat
11456,tasha
11457,taste
11458,tastes
11459,tasty
11460,tatiana
11461,tatianaking
11462,tattoo
11463,taxes
11464,taxi
11465,taxies
11466,taxiing
11467,taxing
11468,taxis
11469,taxiway
11470,taylor
11471,taylorlumsden
11472,taylormdowns
11473,tb
11474,tbd
11475,tbt
11476,tcf
11477,tckt
11478,tcmparty
11479,tea
11480,teaampnot
11481,teach
11482,teaching
11483,team
11484,teamagain
11485,teamim
11486,teamit
11487,teamnkh
11488,teams
11489,teamspirit
11490,teamtreehouse
11491,teamusa
11492,tear
11493,tears
11494,tech
11495,techcontd
11496,technical
11497,technically
11498,technology
11499,teco
11500,ted
11501,tedious
11502,teeming
11503,teen
11504,teenager
11505,teens
11506,teeth
11507,tel
11508,telaviv
11509,telephone
11510,telephones
11511,teleportation
11512,television
11513,tell
11514,telleveryone
11515,telling
11516,tellpurchase
11517,tells
11518,tellyourstory
11519,temp
11520,temper
11521,temperature
11522,template
11523,temporary
11524,temps
11525,tempting
11526,ten
11527,tennetexan
11528,tennis
11529,tense
11530,tent
11531,tequila
11532,term
11533,terminal
11534,terminals
11535,terminology
11536,terms
11537,terra
11538,terri
11539,terrible
11540,terriblebeen
11541,terriblecommunication
11542,terriblecustomerservice
11543,terribleno
11544,terribleservice
11545,terribly
11546,terrific
11547,terrifyingly
11548,terror
11549,terry
11550,terrybrokebad
11551,test
11552,testing
11553,tests
11554,texarkana
11555,texas
11556,texasisclosed
11557,text
11558,texted
11559,texting
11560,texts
11561,teyana
11562,tf
11563,tfgreenairport
11564,tgcyalate
11565,tgif
11566,th
11567,thai
11568,thaiairways
11569,thailand
11570,than
11571,thank
11572,thanked
11573,thankful
11574,thankfully
11575,thankgoodness
11576,thanking
11577,thankjesus
11578,thankme
11579,thanks
11580,thanksamericanairlines
11581,thanksare
11582,thanksdave
11583,thanksdc
11584,thanksjetblue
11585,thanksm
11586,thanksseat
11587,thanksunited
11588,thanks✈️✈️
11589,thanku
11590,thankyou
11591,thankyouforeverything
11592,thansk
11593,thanx
11594,that
11595,thatbut
11596,thatd
11597,thatisall
11598,thatlol
11599,thats
11600,thatthis
11601,thaw
11602,the
11603,theacademy
11604,theairhelper
11605,thebachelor
11606,thecandacesmith
11607,thee
11608,theellenshow
11609,theend
11610,thefaaonline
11611,theflight
11612,theft
11613,thefutureisweird
11614,thehaileytate
11615,thehipmunk
11616,their
11617,thelodge
11618,them
11619,themagicalstranger
11620,themed
11621,themenofbusiness
11622,themestimated
11623,themhence
11624,themon
11625,themselves
11626,then
11627,thenatek
11628,thenationaluae
11629,thenewaa
11630,thenewamerican
11631,thepoopqueen
11632,there
11633,therealaviation
11634,therefore
11635,thereisafirstforeverything
11636,theres
11637,there🌴
11638,therofo
11639,these
11640,thestarter😁
11641,thetakeover
11642,thete
11643,thetroubadour
11644,theuso
11645,thevdt
11646,theverge
11647,thevery
11648,thewayoftheid
11649,thewayoftheidhaa
11650,theworst
11651,theworstairline
11652,theworstairlineever
11653,they
11654,theyareallbetter
11655,theycouldatleastofferfreebooze
11656,theyd
11657,theydontanswer
11658,theyll
11659,theyre
11660,theyve
11661,thick
11662,thickens
11663,thier
11664,thieves
11665,thin
11666,thing
11667,things
11668,thingsishouldknow
11669,thingsthe
11670,thingsyoucantmakeup
11671,thingunited
11672,thingwill
11673,think
11674,thinkbus
11675,thinkdo
11676,thinking
11677,thinkof
11678,thinks
11679,third
11680,thirty
11681,thirtylives
11682,this
11683,thisgreen
11684,thisiscoach
11685,thisjetblue
11686,thislinehasntmovedforanhour
11687,thismosaicnothappy
11688,thisor
11689,this🙏🙏❤️
11690,thks
11691,thng
11692,thnk
11693,thnkx
11694,thnx
11695,tho
11696,thomas
11697,those
11698,those😂
11699,though
11700,thoughand
11701,thought
11702,thoughtful
11703,thoughts
11704,thousand
11705,thousands
11706,thousandth
11707,thre
11708,thread
11709,threat
11710,threatened
11711,threatening
11712,threatens
11713,three
11714,threehourslate
11715,threw
11716,thrilled
11717,thrombosis
11718,throne
11719,throug
11720,through
11721,throughout
11722,throw
11723,throwback
11724,thrower
11725,throwing
11726,thrown
11727,thru
11728,thrueverything
11729,tht
11730,thu
11731,thur
11732,thurs
11733,thursday
11734,thus
11735,thx
11736,thxu
11737,thy
11738,tia
11739,tic
11740,tick
11741,ticked
11742,ticket
11743,ticketed
11744,ticketeven
11745,tickethotel
11746,ticketi
11747,ticketing
11748,ticketits
11749,ticketnow
11750,tickets
11751,ticks
11752,tickt
11753,tick😃
11754,tiday
11755,tide
11756,tides
11757,tied
11758,tier
11759,tiffany
11760,tiffanyandco
11761,tifffyhuang
11762,tight
11763,tightconnection
11764,tighter
11765,tiks
11766,til
11767,till
11768,tilleymonsta
11769,tim
11770,timbit
11771,timco
11772,time
11773,timeand
11774,timed
11775,timedout
11776,timehave
11777,timei
11778,timejust
11779,timeliness
11780,timely
11781,timemoney
11782,timenot
11783,timerest
11784,times
11785,timesampstill
11786,timeseverytime
11787,timeshand
11788,timesomeone
11789,timethatll
11790,timezones
11791,time😡😡😡
11792,timieyancey
11793,timing
11794,tinaisback
11795,tinder
11796,tinderchamp
11797,tindertips
11798,tiny
11799,tip
11800,tips
11801,tire
11802,tired
11803,tiredampfrustrated
11804,tiredofthis
11805,tiredofwaiting
11806,tisk
11807,tissues
11808,title
11809,tix
11810,tixs
11811,tk
11812,tke
11813,tks
11814,tkt
11815,tkts
11816,tlc
11817,tld
11818,tlh
11819,tmadcle
11820,tminus
11821,tmm
11822,tmobile
11823,tmr
11824,tmrw
11825,tmw
11826,tn
11827,tnx
11828,to
11829,toarrange
11830,toby
11831,tock
11832,today
11833,todayall
11834,todayat
11835,todaychecked
11836,todaygiving
11837,todayno
11838,todayrather
11839,todays
11840,todaythis
11841,todaytomorrow
11842,todaywhats
11843,toddler
11844,toddlers
11845,toes
11846,tofrom
11847,together
11848,toilet
11849,toiletries
11850,toilets
11851,tok
11852,token
11853,tokyo
11854,tokyonarita
11855,told
11856,toledo
11857,tolerable
11858,toll
11859,tollfree
11860,tom
11861,tomo
11862,tomoro
11863,tomorro
11864,tomorrow
11865,tomorrowhelp
11866,tomorrowplane
11867,tomorrows
11868,tomorrowwhy
11869,tomorrowwould
11870,tomrw
11871,tomvh
11872,ton
11873,tone
11874,tones
11875,tongueincheek
11876,tonic
11877,tonight
11878,tonightgreat
11879,tonightnot
11880,tonights
11881,tonite
11882,tonnes
11883,tons
11884,tonysimsmma
11885,too
11886,took
11887,tool
11888,toolittletoolate
11889,tools
11890,tooooo
11891,toothpaste
11892,too👍
11893,too😊😊
11894,top
11895,topdown
11896,topflight
11897,toplay
11898,topnews
11899,tops
11900,tore
11901,toronto
11902,torture
11903,tortured
11904,tory
11905,tos
11906,toss
11907,tossed
11908,total
11909,totaled
11910,totalfail
11911,totally
11912,totallyconfused
11913,totes
11914,touch
11915,touchdown
11916,touched
11917,touching
11918,tough
11919,toughtomakeplans
11920,tour
11921,tourist
11922,tourists
11923,touting
11924,tovery
11925,toward
11926,towards
11927,towed
11928,tower
11929,town
11930,towns
11931,toyingwithouremotions
11932,tpa
11933,tpadfwaus
11934,tpadfwlax
11935,tpallini
11936,trace
11937,tracing
11938,track
11939,tracker
11940,tracking
11941,tracks
11942,trade
11943,trading
11944,traditionally
11945,traditions
11946,traffic
11947,trafficfuel
11948,train
11949,trained
11950,training
11951,trains
11952,transaction
11953,transactional
11954,transactions
11955,transatlantic
11956,transcontinental
11957,transf
11958,transfer
11959,transferable
11960,transferred
11961,transferring
11962,transfers
11963,transformative
11964,transit
11965,transition
11966,translation
11967,transpacific
11968,transparency
11969,transparent
11970,transpired
11971,transport
11972,transportation
11973,transported
11974,transports
11975,trap
11976,trapped
11977,trappedhouston
11978,traps
11979,trash
11980,trashy
11981,travel
11982,travelbank
11983,traveled
11984,traveler
11985,travelers
11986,travelfail
11987,travelhelp
11988,traveling
11989,travelled
11990,traveller
11991,travellers
11992,travelling
11993,travelocity
11994,traveloneworld
11995,travelpoints
11996,travelportland
11997,travelproblems
11998,travelpulse
11999,travelpurchased
12000,travels
12001,travelzoo
12002,travis
12003,travisamex
12004,tray
12005,trbl
12006,treacherous
12007,treasure
12008,treat
12009,treated
12010,treating
12011,treatment
12012,treats
12013,tree
12014,trees
12015,tremendous
12016,tremendously
12017,trend
12018,trending
12019,triage
12020,trial
12021,trials
12022,tribute
12023,tricities
12024,trick
12025,trickling
12026,tricks
12027,tried
12028,triedconsiderable
12029,triedits
12030,tries
12031,triflight
12032,trip
12033,tripadvisor
12034,tripitpro
12035,triple
12036,tripnever
12037,tripofalifetime
12038,tripping
12039,trips
12040,trite
12041,trivia
12042,trivialize
12043,tropic
12044,troubadour
12045,trouble
12046,troubles
12047,troubleshoot
12048,troubleshot
12049,troubling
12050,troy
12051,tru
12052,trublue
12053,truck
12054,true
12055,trueblue
12056,truebluecolors
12057,truebluelove
12058,truebluepoints
12059,truly
12060,trumping
12061,trust
12062,trusted
12063,trustget
12064,truth
12065,truthful
12066,truutall
12067,trvl
12068,trvlno
12069,trvlove
12070,try
12071,tryagain
12072,tryin
12073,trying
12074,tryn
12075,tryna
12076,tryng
12077,trys
12078,tsa
12079,tsanightmare
12080,tsapre
12081,tsaprecheck
12082,tshirt
12083,tsk
12084,tt
12085,tu
12086,tucking
12087,tucson
12088,tue
12089,tues
12090,tuesday
12091,tuftsenergyconf
12092,tug
12093,tul
12094,tuldal
12095,tulsa
12096,tulsanot
12097,tumitravel
12098,tummy
12099,tuned
12100,turbulence
12101,turkish
12102,turn
12103,turnaround
12104,turned
12105,turning
12106,turns
12107,turquoise
12108,turrible
12109,tus
12110,tusdfw
12111,tux
12112,tv
12113,tvmovie
12114,tvs
12115,tvsmusic
12116,twa
12117,tweak
12118,tweet
12119,tweeted
12120,tweeter
12121,tweetin
12122,tweeting
12123,tweets
12124,twelve
12125,twenty
12126,twice
12127,twicegot
12128,twiiter
12129,twin
12130,twins
12131,twist
12132,twitter
12133,twitterdm
12134,twitteremailweb
12135,twitterhug
12136,twitterliterate
12137,twitterz
12138,two
12139,twtr
12140,tx
12141,txfd
12142,txt
12143,txtemail
12144,txting
12145,ty
12146,type
12147,typical
12148,typically
12149,typing
12150,typo
12151,tyr
12152,tys
12153,tyspent
12154,tysvm
12155,tyvm
12156,tywinter
12157,u
12158,ua
12159,ual
12160,uals
12161,uas
12162,ubergizmo
12163,ubetter
12164,uctraveladvisor
12165,ud
12166,udub
12167,uggh
12168,ugh
12169,uh
12170,uhi
12171,uhmmm
12172,uhuhgroup
12173,uk
12174,ultimately
12175,um
12176,umm
12177,ummmm
12178,umosaicmecrazy
12179,ump
12180,umpteen
12181,un
12182,unable
12183,unacceptable
12184,unacceptablei
12185,unaccomidating
12186,unaccommodating
12187,unaccompanied
12188,unaccounted
12189,unaccpetable
12190,unamerican
12191,unamericanairlines
12192,unannounced
12193,unanswered
12194,unansweredquestions
12195,unanticipated
12196,unapologetic
12197,unavailable
12198,unavailableto
12199,unavoidable
12200,unaware
12201,unbalanced
12202,unbelieavle
12203,unbelievable
12204,unbelievably
12205,uncalled
12206,uncaring
12207,uncertainty
12208,uncharacteristic
12209,uncle
12210,unclear
12211,uncles
12212,uncomfortable
12213,uncompromising
12214,unconscionable
12215,uncontrollable
12216,uncontrollably
12217,uncool
12218,uncourteous
12219,uncvsduke
12220,und
12221,undefined
12222,undelay
12223,undelayed
12224,under
12225,undergoing
12226,undermines
12227,understaffed
12228,understaffing
12229,understand
12230,understandable
12231,understandably
12232,understanding
12233,understands
12234,understatement
12235,understood
12236,underway
12237,underweight
12238,undetermined
12239,undies
12240,undignified
12241,undone
12242,undrstnd
12243,undue
12244,uneducated
12245,unempathetic
12246,unemployment
12247,uneventful
12248,unexpactable
12249,unexpected
12250,unexplained
12251,unfair
12252,unfamiliar
12253,unfold
12254,unfollow
12255,unfollowing
12256,unforeseeable
12257,unfortunate
12258,unfortunately
12259,unfriendly
12260,unfriendlyskies
12261,unhappy
12262,unhappycustomer
12263,unhappyspend
12264,unhappytraveler
12265,unheard
12266,unhelpful
12267,unhelpfulness
12268,uniform
12269,unimpressed
12270,uninformed
12271,united
12272,unitedagainstunited
12273,unitedairline
12274,unitedairlines
12275,unitedairlinessuck
12276,unitedairlinessucks
12277,unitedairlinessux
12278,unitedappeals
12279,unitedbreaksguitars
12280,uniteddo
12281,unitedexcited
12282,unitedfail
12283,unitedfailsworsttripofmylife
12284,unitedfirst
12285,unitedflyerhd
12286,unitedgt
12287,unitedhatesusall
12288,unitedlies
12289,unitedrebooked
12290,uniteds
12291,unitedsucks
12292,unitedsucksdick
12293,unitedthats
12294,unitedunimpressed
12295,unitedvusa
12296,unitedwithivy
12297,unitedworstever
12298,united​
12299,universally
12300,universalorl
12301,university
12302,unknowledgeable
12303,unknown
12304,unless
12305,unlike
12306,unlikely
12307,unload
12308,unloaded
12309,unloading
12310,unloads
12311,unlucky
12312,unmanned
12313,unmet
12314,unmissable
12315,unmonitored
12316,unmoving
12317,unnecessarily
12318,unnecessary
12319,unnerving
12320,unnoticed
12321,unobaseball
12322,unorganized
12323,unplanned
12324,unpleasant
12325,unpleased
12326,unprecedented
12327,unpredictable
12328,unprepared
12329,unproductive
12330,unprofessional
12331,unprofessionalism
12332,unprofessionally
12333,unreachable
12334,unreal
12335,unrealistic
12336,unreasonable
12337,unrelate
12338,unreliable
12339,unresolved
12340,unrivalled
12341,unsafe
12342,unsat
12343,unscheduled
12344,unsecured
12345,unserved
12346,unserviceable
12347,unsettling
12348,unsmiling
12349,unsolicited
12350,unspecified
12351,unsuccessful
12352,unsuitable
12353,unsure
12354,unsympathetic
12355,unt
12356,untd
12357,until
12358,untrained
12359,untrue
12360,untruthful
12361,untz
12362,untzlike
12363,unusable
12364,unused
12365,unusual
12366,unveils
12367,unwilling
12368,unwind
12369,unwise
12370,up
12371,upc
12372,upcoming
12373,update
12374,updated
12375,updates
12376,updateyourwebsite
12377,updating
12378,upfare
12379,upgd
12380,upgrade
12381,upgraded
12382,upgrademe
12383,upgrades
12384,upgrade😉
12385,upgrading
12386,upgrd
12387,uphelp
12388,uphold
12389,upholding
12390,upin
12391,upinairclaire
12392,uplink
12393,upload
12394,upon
12395,uppp
12396,ups
12397,upsellladen
12398,upset
12399,upsetting
12400,upsmh
12401,upstate
12402,upwherewebelong
12403,ur
12404,urged
12405,urgency
12406,urgent
12407,urgently
12408,urgentlyget
12409,us
12410,usa
12411,usaa
12412,usable
12413,usage
12414,usair
12415,usaireays
12416,usairheads
12417,usairsucks
12418,usairway
12419,usairways
12420,usairwayscenter
12421,usairwaysfail
12422,usairwaysfailscustomers
12423,usairwaysfflyer
12424,usairwaysssuck
12425,usairwayssuck
12426,usairwayssucks
12427,usairwis
12428,usaiways
12429,usas
12430,usatoday
12431,usatodaytravel
12432,usaw
12433,usb
12434,uschamber
12435,usd
12436,usdelayways
12437,use
12438,useable
12439,used
12440,useful
12441,useles
12442,useless
12443,useopen
12444,user
12445,username
12446,userperceived
12447,users
12448,uses
12449,usexpresspsa
12450,using
12451,usingthisword
12452,usnavy
12453,usual
12454,usually
12455,usuck
12456,usurious
12457,usvi
12458,usxlon
12459,utah
12460,utdallas
12461,ute
12462,utevgw
12463,utilize
12464,utmost
12465,utterly
12466,uvf
12467,uwont
12468,ux
12469,u😻😻😻
12470,v
12471,va
12472,vabeatsjblue
12473,vaca
12474,vacancies
12475,vacate
12476,vacatime
12477,vacatinn
12478,vacation
12479,vacationing
12480,vacations
12481,vacay
12482,vague
12483,vaileagle
12484,vainglorygame
12485,valentine
12486,valentines
12487,valentinesday
12488,valet
12489,valid
12490,validity
12491,vallarta
12492,valley
12493,valleys
12494,valuable
12495,valuables
12496,value
12497,valued
12498,values
12499,valuing
12500,van
12501,vancouver
12502,vanessaannz
12503,vanished
12504,vanity
12505,vape
12506,various
12507,vary
12508,vastly
12509,vcp
12510,vday
12511,ve
12512,veers
12513,veg
12514,vegan
12515,vegas
12516,vegaschicago
12517,vegecomgirl
12518,vegetarian
12519,vegetarianproblems
12520,veggies
12521,vein
12522,velcro
12523,velour
12524,velourlive
12525,vendor
12526,venetia
12527,venezuela
12528,vent
12529,ventilation
12530,vents
12531,venture
12532,verbal
12533,verbally
12534,verbiage
12535,verification
12536,verified
12537,verifies
12538,verify
12539,verizonwireless
12540,vermont
12541,versa
12542,versace
12543,version
12544,versions
12545,versus
12546,very
12547,veryimportantproject
12548,veryloyalcustomer
12549,vet
12550,veterans
12551,vetr
12552,vets
12553,via
12554,viable
12555,vibe
12556,vibrant
12557,vice
12558,vicky
12559,victim
12560,victoria
12561,vida
12562,video
12563,videos
12564,vieques
12565,view
12566,views
12567,vile
12568,village
12569,villages
12570,vincenzolandino
12571,vincesviews
12572,vindictivetk
12573,vineyard
12574,vino
12575,vinyl
12576,vinylvegas
12577,violation
12578,vip
12579,vipliveinthevieyard
12580,vipswagbags
12581,viracopos
12582,viraltech
12583,virgin
12584,virginamerica
12585,virginamericayouve
12586,virginatlantic
12587,virginia
12588,virginmedia
12589,virgins
12590,virgin✨😱✈️
12591,virtual
12592,virtually
12593,virus
12594,visa
12595,visible
12596,visibly
12597,vision
12598,visit
12599,visiting
12600,visors
12601,vital
12602,vitaminwater
12603,vm
12604,vmail
12605,vmsgyour
12606,vocab
12607,vodkatonics
12608,voice
12609,voicemail
12610,voided
12611,volkswagen
12612,volleyball
12613,volt
12614,volume
12615,volumecan
12616,volumes
12617,voluntarily
12618,volunteer
12619,volunteers
12620,vomit
12621,vomited
12622,vote
12623,voted
12624,voucher
12625,vouchercompensation
12626,voucherconfirmation
12627,voucherhotel
12628,vouchermiles
12629,voucherno
12630,vouchers
12631,vouchersany
12632,vouchersno
12633,vows
12634,vp
12635,vrm
12636,vs
12637,vt
12638,vulnerable
12639,vusaaustralia
12640,vx
12641,vxsafetydance
12642,vía
12643,w
12644,wa
12645,waa
12646,waaaaaaiting
12647,wack
12648,wager
12649,wages
12650,wah
12651,wailing
12652,wait
12653,waitabout
12654,waited
12655,waitin
12656,waiting
12657,waitingagain
12658,waitingcan
12659,waitinginphilly
12660,waitingonapilot
12661,waitingsince
12662,waitingso
12663,waitingyou
12664,waitlisted
12665,waitlol
12666,waits
12667,waitstill
12668,waive
12669,waived
12670,waiver
12671,waivers
12672,waiverskeep
12673,waives
12674,waivethefee
12675,waiving
12676,wake
12677,wakes
12678,waking
12679,wakinginmemphis
12680,waldorf
12681,walk
12682,walkaround
12683,walked
12684,walking
12685,walks
12686,walkway
12687,wall
12688,wallet
12689,walls
12690,wallstreet
12691,wallstslumlord
12692,walmart
12693,waltdisneyworld
12694,walton
12695,wampb
12696,wandered
12697,wanna
12698,wannaa
12699,wannagohome
12700,want
12701,wantcharge
12702,wanted
12703,wanting
12704,wantmymoneyback
12705,wants
12706,wantvirginamerica
12707,warehouse
12708,warm
12709,warmer
12710,warmest
12711,warmth
12712,warmweather
12713,warn
12714,warning
12715,warnings
12716,warrants
12717,warriors
12718,was
12719,wasappreciated
12720,washington
12721,washingtondc
12722,wasnt
12723,waspaid
12724,waste
12725,wasted
12726,wastedeffort
12727,wastedtime
12728,wasteoftime
12729,wasting
12730,wat
12731,watch
12732,watched
12733,watching
12734,water
12735,waterbury
12736,watered
12737,waters
12738,wating
12739,watson
12740,wave
12741,waved
12742,way
12743,waybig
12744,wayi
12745,wayne
12746,waynot
12747,ways
12748,waysilverairwsys
12749,wayway
12750,way💺✈️
12751,wbroken
12752,wbuses
12753,wc
12754,wcancelled
12755,wclass
12756,wcomm
12757,wcompanies
12758,wcomputer
12759,wconnection
12760,wcustomer
12761,wcx
12762,wd
12763,wdeicingthree
12764,wdelays
12765,wdw
12766,we
12767,weak
12768,weakservice
12769,weaktea
12770,weappreciateyou
12771,wear
12772,wearing
12773,weary
12774,weasel
12775,weather
12776,weatherbackup
12777,weatherbut
12778,weathercall
12779,weathered
12780,weatherflight
12781,weatherhere
12782,weatherless
12783,weatherrelate
12784,weathers
12785,weather✈️
12786,web
12787,webbernaturals
12788,weblink
12789,webpage
12790,webs
12791,website
12792,websites
12793,wed
12794,wedding
12795,wednesday
12796,wedontcarebecauseyoupaidalready
12797,weds
12798,wee
12799,week
12800,weekampinbound
12801,weekday
12802,weekend
12803,weekends
12804,weekly
12805,weeklycommuteonaa
12806,weekmakes
12807,weeks
12808,weeksampthose
12809,weekthats
12810,weepysweetmonty
12811,weigh
12812,weighed
12813,weighing
12814,weighs
12815,weight
12816,weights
12817,weird
12818,welcome
12819,welcomed
12820,welcomes
12821,welcoming
12822,welfare
12823,well
12824,wellbeing
12825,welldone
12826,wellen
12827,welllllll
12828,wellmy
12829,wellplayed
12830,wellpriced
12831,welp
12832,wemosaictogether
12833,wendell
12834,wendi
12835,wens
12836,went
12837,were
12838,werenot
12839,werenotincalianymore
12840,werent
12841,wererunning
12842,werin
12843,wernicke
12844,wervirgin
12845,west
12846,westagard
12847,westchester
12848,western
12849,westjet
12850,westpalmbeach
12851,westpalmbeachbound
12852,wet
12853,wether
12854,weve
12855,wewantcomps
12856,wewanttoknow
12857,wewillsee
12858,weyburn
12859,wfares
12860,wflights
12861,whacked
12862,whammie
12863,what
12864,whatacluster
12865,whatajoke
12866,whatcustomerservice
12867,whatd
12868,whatever
12869,whatfrozenpipes
12870,whatgives
12871,whathappend
12872,whats
12873,whatsoever
12874,whatstatus
12875,whatstheholdup
12876,whch
12877,wheel
12878,wheelchair
12879,wheelchairs
12880,wheels
12881,wheelsup
12882,wheeze
12883,when
12884,whenever
12885,whenitsnowsitpours
12886,whens
12887,where
12888,whereabouts
12889,whereas
12890,whereby
12891,whereismybag
12892,whereisthelove
12893,wheres
12894,wheresmybag
12895,wheresmyrefund
12896,wheresthecustomerserviceat
12897,wheresthepilot
12898,whether
12899,which
12900,whichever
12901,whichisworsedenordfw
12902,while
12903,whilst
12904,whining
12905,whiny
12906,whiplash
12907,whipped
12908,whiskey
12909,whisper
12910,whispering
12911,white
12912,whitterbug
12913,who
12914,whoa
12915,whod
12916,whoever
12917,whole
12918,wholly
12919,whom
12920,whoooo
12921,whoot
12922,whos
12923,whose
12924,whrsthecoach
12925,wht
12926,why
12927,whyabcwhy
12928,whyairtravelsucks
12929,whyany
12930,whyareyouyelling
12931,whybeaaff
12932,whydidntiflysouthwest
12933,whyfly
12934,whyisusairalwaysdelayed
12935,whyjeff
12936,whyjetblue
12937,whyso
12938,whyyounoloveme
12939,whyyy
12940,wichita
12941,wide
12942,wiedersehen
12943,wife
12944,wifes
12945,wifey
12946,wifi
12947,wifiand
12948,wifihotel
12949,wifiless
12950,wifimissed
12951,wiggle
12952,wigs
12953,wiil
12954,wikipearl
12955,wilco
12956,will
12957,williams
12958,willie
12959,willing
12960,willl
12961,willmake
12962,willneverflywithyou
12963,wills
12964,willsunday
12965,wilmington
12966,wilson
12967,win
12968,winclement
12969,wind
12970,windchill
12971,window
12972,windows
12973,winds
12974,windy
12975,wine
12976,wing
12977,wings
12978,winks
12979,winkwink
12980,winner
12981,winners
12982,winning
12983,winnipeg
12984,wins
12985,winston
12986,winstonsalem
12987,winter
12988,winterops
12989,winters
12990,winterstorm
12991,winterweather
12992,winwin
12993,wipe
12994,wiped
12995,wipes
12996,wired
12997,wireless
12998,wires
12999,wise
13000,wiser
13001,wish
13002,wishing
13003,wishmyflightwaslonger
13004,wit
13005,with
13006,withheld
13007,within
13008,without
13009,witness
13010,witnessed
13011,witty
13012,wiyh
13013,wjere
13014,wk
13015,wkids
13016,wknd
13017,wkrb
13018,wks
13019,wlcm
13020,wld
13021,wlil
13022,wmass
13023,wmiles
13024,wmom
13025,wmy
13026,wno
13027,wnonworking
13028,wnothing
13029,wo
13030,woaw
13031,woeful
13032,woke
13033,woman
13034,women
13035,womens
13036,won
13037,wonder
13038,wondered
13039,wonderful
13040,wonderfully
13041,wondering
13042,wonderingirritated
13043,wong
13044,wonked
13045,wont
13046,wontflyagainwithyou
13047,woo
13048,woodland
13049,woody
13050,woof
13051,woohoo
13052,wopen
13053,word
13054,worded
13055,words
13056,wore
13057,work
13058,workaround
13059,worked
13060,workednot
13061,worker
13062,workers
13063,workersinstead
13064,workforce
13065,workforces
13066,workhard
13067,workin
13068,working
13069,workingfamily
13070,working✈️
13071,workng
13072,worknogood
13073,workout
13074,works
13075,worksnicely
13076,world
13077,worldhungry
13078,worlds
13079,worldwide
13080,worm
13081,worn
13082,worried
13083,worries
13084,worrisome
13085,worry
13086,worrying
13087,worse
13088,worseas
13089,worseoh
13090,worst
13091,worstairline
13092,worstairlineever
13093,worstairlineinamerica
13094,worstcustomerservice
13095,worstcustomerserviceever
13096,worstcustservice
13097,worstever
13098,worstflight
13099,worstflightever
13100,worstflightexperienceever
13101,worstnever
13102,worstservice
13103,worstthingever
13104,worsttraveldayever
13105,worth
13106,worthless
13107,worthy
13108,wother
13109,wothers
13110,would
13111,woulda
13112,wouldbe
13113,wouldhow
13114,wouldnt
13115,wouldt
13116,wouldve
13117,wounded
13118,wour
13119,wout
13120,woven
13121,wow
13122,wowd
13123,wowthx
13124,wpg
13125,wproj
13126,wrap
13127,wrath
13128,wreck
13129,wrecked
13130,wrecking
13131,wrench
13132,wreservations
13133,wresos
13134,wrestle
13135,wretched
13136,write
13137,writers
13138,writes
13139,write😑
13140,writing
13141,written
13142,wrong
13143,wronganswer
13144,wrongfully
13145,wrongiswrong
13146,wrote
13147,ws
13148,wsj
13149,wsjplus
13150,wsmall
13151,wsomeone
13152,wsupervisor
13153,wtf
13154,wtfodds
13155,wth
13156,wthat
13157,wthe
13158,wthem
13159,wthis
13160,wtop
13161,wtw
13162,wu
13163,wudda
13164,wupgrade
13165,wut
13166,wway
13167,wx
13168,wylie
13169,wyoming
13170,wyou
13171,x
13172,xd
13173,xfinity
13174,xld
13175,xm
13176,xmas
13177,xna
13178,xox
13179,xoxo
13180,xt
13181,xtra
13182,xw
13183,xx
13184,xxx
13185,xzmscw
13186,y
13187,ya
13188,yaayy
13189,yaffasolin
13190,yall
13191,yards
13192,yasss
13193,yasssss
13194,yay
13195,yayayay
13196,yday
13197,yea
13198,yeah
13199,year
13200,yearly
13201,yearround
13202,years
13203,yeehaw
13204,yell
13205,yelled
13206,yelling
13207,yellow
13208,yeniettelswood
13209,yep
13210,yepfiled
13211,yepused
13212,yer
13213,yes
13214,yeseniahernandez
13215,yesnot
13216,yessir
13217,yesso
13218,yest
13219,yesterday
13220,yesterdayrubber
13221,yesterdays
13222,yestwicefor
13223,yet
13224,yhzewr
13225,yield
13226,yikes
13227,yo
13228,yoga
13229,yogurt
13230,york
13231,you
13232,youareonyourown
13233,youbag
13234,youcandobetter
13235,youcouldntmakethis
13236,youd
13237,youdidit
13238,youdo
13239,youi
13240,youknowyouwantto
13241,youll
13242,young
13243,younger
13244,your
13245,youragentshavenoclue
13246,yourairlinesucks
13247,youre
13248,youredoingitwrong
13249,youretheworst
13250,yourlocalnyer
13251,yourock
13252,yourphonesystemsucks
13253,yours
13254,yourself
13255,yourselves
13256,yourstoryhere
13257,yousuck
13258,yout
13259,youth
13260,youto
13261,youve
13262,youyou
13263,you😊
13264,yow
13265,yponthebeat
13266,ypu
13267,yr
13268,yrs
13269,ystday
13270,ystrdy
13271,yuck
13272,yucki
13273,yulord
13274,yuma
13275,yummy
13276,yup
13277,yvonne
13278,yvonneokaka
13279,yvr
13280,yxe
13281,yxu
13282,yyc
13283,yyj
13284,yyz
13285,z
13286,zabsonre
13287,zackscom
13288,zakkohane
13289,zambia
13290,zero
13291,zfv
13292,zigzagging
13293,zip
13294,zippers
13295,zkatcher
13296,zombie
13297,zone
13298,zones
13299,zoom
13300,zrh
13301,zrhairport
13302,zukes
13303,zurich
13304,zurichnew
13305,͜ʖ
13306,͡°
13307,​
13308,↔️
13309,⌚️
13310,☀️
13311,☀️amp
13312,☀️🌴✈️🍸🎲
13313,☕✈👍
13314,☺
13315,☺️
13316,☺️✈️
13317,☺️👍
13318,☺👍👍
13319,♥
13320,♥️
13321,♥️🙏
13322,⛄️☀️
13323,✅
13324,✈
13325,✈️
13326,✈️anywhere
13327,✈️tampa
13328,✈️✈️✈️✈️✈️✈️✈️
13329,✈️✌️
13330,✈️🌞
13331,✈️🎉
13332,✈️💺
13333,✈️😃👍
13334,✌️
13335,✌️out
13336,✔️
13337,❄️
13338,❄️⛄️
13339,❄️❄️
13340,❄️❄️❄️
13341,❌
13342,❤❤
13343,❤️
13344,❤️from
13345,❤️ny
13346,❤️you
13347,❤️✨
13348,❤️❤️❤️
13349,❤️❤️❤️jetblue
13350,⤵
13351,⤵for
13352,⭐️
13353,⭐️⭐️⭐️⭐️⭐️
13354,🆖
13355,🇺🇸
13356,🇺🇸✈️
13357,🌞✈
13358,🌞✈️👸
13359,🌴
13360,🌴🌴
13361,🍅🍅🍅🍅
13362,🍷
13363,🍷👍💺✈️
13364,🍻🍻
13365,🎀
13366,🎀🇬🇧🎀🇺🇸🎀
13367,🎀🌏🎀
13368,🎉🎉🎉
13369,🐳
13370,👀
13371,👀👀
13372,👉🚪rt
13373,👊
13374,👋
13375,👌
13376,👌👌👌
13377,👍
13378,👍👌
13379,👍👍
13380,👍👍✈️✈️💗
13381,👍👍👍
13382,👍👍👍👍👍
13383,👍😊
13384,👎
13385,👎✈️
13386,👎😡
13387,👎😡✈️
13388,👎😬
13389,👏
13390,👏👍
13391,👏👏
13392,👏👏👏
13393,👏👏👏✈️
13394,👏👏👏👏
13395,👠🇬🇧👠🇬🇧👠🇬🇧
13396,👠👠👠
13397,👸
13398,👿
13399,💁
13400,💔
13401,💔😪
13402,💕✈️💺
13403,💕💕
13404,💗
13405,💗freyasfund
13406,💗🇬🇧💗🇺🇸💗
13407,💘
13408,💙
13409,💙💙
13410,💜united
13411,💜✈
13412,💝too
13413,💩
13414,💩💩💩💩
13415,💪
13416,💯💯💯
13417,🔵🔵🔵
13418,😀
13419,😁
13420,😁🎉
13421,😁😁😁
13422,😁😁😁😁
13423,😂
13424,😂virginamerica
13425,😂👌👌👌
13426,😂💁
13427,😂😂
13428,😂😂😂
13429,😂😂😂😂
13430,😂😂😂😂😂omg
13431,😂😂😂😂😂😭😭😭😭😢😢😢😢
13432,😂😂😭😭😭😭
13433,😃
13434,😃cool
13435,😃👍
13436,😃😃😃
13437,😄
13438,😄😄😄
13439,😅
13440,😆
13441,😈
13442,😉
13443,😊
13444,😊☕📲✈
13445,😊✈️
13446,😊🌴
13447,😊👏
13448,😊😀😃😄
13449,😊😊😊✈️✈️✈️
13450,😋
13451,😋i
13452,😍
13453,😍👌
13454,😎
13455,😏
13456,😐
13457,😐😑
13458,😑
13459,😑jetblue
13460,😑😩
13461,😒
13462,😒👎
13463,😒👺
13464,😓😭
13465,😔
13466,😔😓😤
13467,😔😔😔
13468,😕
13469,😖
13470,😘
13471,😘😑
13472,😘🙌
13473,😜
13474,😜✈️
13475,😜😂
13476,😜😎
13477,😞
13478,😞😡
13479,😠
13480,😠😠
13481,😡
13482,😡😡
13483,😡😡😡
13484,😡😡😡😡😤😤😤
13485,😡😤😖😲😩
13486,😢
13487,😢😕😦
13488,😢😢
13489,😢😢😢
13490,😣
13491,😤
13492,😤angry
13493,😤🐴
13494,😥
13495,😥😥
13496,😩
13497,😩help
13498,😩rt
13499,😩😂😂😂😂
13500,😩😩😩
13501,😩😩😩jetblue
13502,😩😫😢
13503,😩😭
13504,😩😭💔
13505,😫😫😫
13506,😬
13507,😭
13508,😭😁😆😵
13509,😭😭
13510,😭😭💔💔💔💔💔💔💔
13511,😭😭😭
13512,😭😭😭😭
13513,😭🙏
13514,😮
13515,😱❤️im
13516,😳
13517,😷
13518,😷😱
13519,🙅
13520,🙅🙅🙅
13521,🙈
13522,🙉
13523,🙌
13524,🙌✈️
13525,🙌😏
13526,🙌🙌
13527,🙏
13528,🙏🙏🙏😢😢😢🙏🙏🙏
13529,🙏🙏🙏🙏🙏🙏🙏🙏🙏🙏🙏😢😢😢😢😢😢😢😢🙏🙏🙏🙏🙏🙏🙏🙏🙏🙏🙏🙏🙏🙏🙏🙏🙏🙏🙏🙏🙏
13530,🚫
13531,🚶🚶🚶🚶
